timestamp,time_seconds,timestamp_ns,t_ms,t_ms_corrected_ns,gripper_side,sw,opening_mm,angle_deg
2026-03-08T15:18:50.704188+00:00,12.148686,1772983130704188017,,,,,,T=85524 ID=ARD-R-00001  SW=ON   Ouverture=  0.0 mm  Angle=  -0.26°
2026-03-08T15:18:50.720546+00:00,12.165043,1772983130720545417,,,,,,T=85540 ID=ARD-R-00001  SW=ON   Ouverture=  0.0 mm  Angle=  -0.26°
2026-03-08T15:18:50.735821+00:00,12.180318,1772983130735820617,,,,,,T=85556 ID=ARD-R-00001  SW=ON   Ouverture=  0.0 mm  Angle=  -0.26°
2026-03-08T15:18:50.752247+00:00,12.196745,1772983130752246517,,,,,,T=85572 ID=ARD-R-00001  SW=ON   Ouverture=  0.0 mm  Angle=  -0.26°
2026-03-08T15:18:50.768795+00:00,12.213292,1772983130768794617,,,,,,T=85588 ID=ARD-R-00001  SW=ON   Ouverture=  0.0 mm  Angle=  -0.26°
2026-03-08T15:18:50.784118+00:00,12.228616,1772983130784118117,,,,,,T=85604 ID=ARD-R-00001  SW=ON   Ouverture=  0.0 mm  Angle=  -0.26°
2026-03-08T15:18:50.800610+00:00,12.245108,1772983130800610117,,,,,,T=85620 ID=ARD-R-00001  SW=ON   Ouverture=  0.0 mm  Angle=  -0.26°
2026-03-08T15:18:50.815983+00:00,12.260481,1772983130815983417,,,,,,T=85636 ID=ARD-R-00001  SW=ON   Ouverture=  0.0 mm  Angle=  -0.26°
2026-03-08T15:18:50.832393+00:00,12.276891,1772983130832392717,,,,,,T=85652 ID=ARD-R-00001  SW=ON   Ouverture=  0.0 mm  Angle=  -0.26°
2026-03-08T15:18:50.848835+00:00,12.293332,1772983130848834917,,,,,,T=85668 ID=ARD-R-00001  SW=ON   Ouverture=  0.0 mm  Angle=  -0.26°
2026-03-08T15:18:50.864263+00:00,12.308761,1772983130864263017,,,,,,T=85684 ID=ARD-R-00001  SW=ON   Ouverture=  0.0 mm  Angle=  -0.26°
2026-03-08T15:18:50.880689+00:00,12.325187,1772983130880689317,,,,,,T=85700 ID=ARD-R-00001  SW=ON   Ouverture=  0.0 mm  Angle=  -0.26°
2026-03-08T15:18:50.897158+00:00,12.341656,1772983130897158117,,,,,,T=85716 ID=ARD-R-00001  SW=ON   Ouverture=  0.0 mm  Angle=  -0.26°
2026-03-08T15:18:50.912425+00:00,12.356922,1772983130912425017,,,,,,T=85732 ID=ARD-R-00001  SW=ON   Ouverture=  0.0 mm  Angle=  -0.26°
2026-03-08T15:18:50.929142+00:00,12.373640,1772983130929142117,,,,,,T=85748 ID=ARD-R-00001  SW=ON   Ouverture=  0.0 mm  Angle=  -0.26°
2026-03-08T15:18:50.944258+00:00,12.388756,1772983130944257817,,,,,,T=85764 ID=ARD-R-00001  SW=ON   Ouverture=  0.0 mm  Angle=  -0.26°
2026-03-08T15:18:50.960708+00:00,12.405206,1772983130960708117,,,,,,T=85780 ID=ARD-R-00001  SW=ON   Ouverture=  0.0 mm  Angle=  -0.26°
2026-03-08T15:18:50.977178+00:00,12.421676,1772983130977177717,,,,,,T=85796 ID=ARD-R-00001  SW=ON   Ouverture=  0.0 mm  Angle=  -0.26°
2026-03-08T15:18:50.992505+00:00,12.437003,1772983130992505417,,,,,,T=85812 ID=ARD-R-00001  SW=ON   Ouverture=  0.0 mm  Angle=  -0.26°
2026-03-08T15:18:51.008931+00:00,12.453429,1772983131008930817,,,,,,T=85828 ID=ARD-R-00001  SW=ON   Ouverture=  0.0 mm  Angle=  -0.26°
2026-03-08T15:18:51.025445+00:00,12.469943,1772983131025445217,,,,,,T=85844 ID=ARD-R-00001  SW=ON   Ouverture=  0.0 mm  Angle=  -0.26°
2026-03-08T15:18:51.041222+00:00,12.485720,1772983131041222417,,,,,,T=85860 ID=ARD-R-00001  SW=ON   Ouverture=  0.0 mm  Angle=  -0.26°
2026-03-08T15:18:51.057510+00:00,12.502008,1772983131057509817,,,,,,T=85876 ID=ARD-R-00001  SW=ON   Ouverture=  0.0 mm  Angle=  -0.26°
2026-03-08T15:18:51.072742+00:00,12.517240,1772983131072742217,,,,,,T=85892 ID=ARD-R-00001  SW=ON   Ouverture=  0.0 mm  Angle=  -0.26°
2026-03-08T15:18:51.089141+00:00,12.533639,1772983131089141217,,,,,,T=85908 ID=ARD-R-00001  SW=ON   Ouverture=  0.0 mm  Angle=  -0.26°
2026-03-08T15:18:51.105787+00:00,12.550285,1772983131105787017,,,,,,T=85924 ID=ARD-R-00001  SW=ON   Ouverture=  0.0 mm  Angle=  -0.26°
2026-03-08T15:18:51.120788+00:00,12.565286,1772983131120787617,,,,,,T=85940 ID=ARD-R-00001  SW=ON   Ouverture=  0.0 mm  Angle=  -0.26°
2026-03-08T15:18:51.137276+00:00,12.581774,1772983131137276017,,,,,,T=85956 ID=ARD-R-00001  SW=ON   Ouverture=  0.0 mm  Angle=  -0.26°
2026-03-08T15:18:51.153625+00:00,12.598122,1772983131153624817,,,,,,T=85972 ID=ARD-R-00001  SW=ON   Ouverture=  0.0 mm  Angle=  -0.26°
2026-03-08T15:18:51.169304+00:00,12.613802,1772983131169303817,,,,,,T=85988 ID=ARD-R-00001  SW=ON   Ouverture=  0.0 mm  Angle=  -0.26°
2026-03-08T15:18:51.185653+00:00,12.630151,1772983131185653117,,,,,,T=86004 ID=ARD-R-00001  SW=ON   Ouverture=  0.0 mm  Angle=  -0.26°
2026-03-08T15:18:51.201104+00:00,12.645602,1772983131201104017,,,,,,T=86020 ID=ARD-R-00001  SW=ON   Ouverture=  0.0 mm  Angle=  -0.26°
2026-03-08T15:18:51.217531+00:00,12.662028,1772983131217530717,,,,,,T=86036 ID=ARD-R-00001  SW=ON   Ouverture=  0.0 mm  Angle=  -0.26°
2026-03-08T15:18:51.233840+00:00,12.678338,1772983131233840217,,,,,,T=86052 ID=ARD-R-00001  SW=ON   Ouverture=  0.0 mm  Angle=  -0.26°
2026-03-08T15:18:51.249156+00:00,12.693654,1772983131249156317,,,,,,T=86068 ID=ARD-R-00001  SW=ON   Ouverture=  0.0 mm  Angle=  -0.26°
2026-03-08T15:18:51.265677+00:00,12.710175,1772983131265677217,,,,,,T=86084 ID=ARD-R-00001  SW=ON   Ouverture=  0.0 mm  Angle=  -0.26°
2026-03-08T15:18:51.282099+00:00,12.726596,1772983131282099117,,,,,,T=86100 ID=ARD-R-00001  SW=ON   Ouverture=  0.0 mm  Angle=  -0.26°
2026-03-08T15:18:51.297572+00:00,12.742070,1772983131297572017,,,,,,T=86116 ID=ARD-R-00001  SW=ON   Ouverture=  0.0 mm  Angle=  -0.26°
2026-03-08T15:18:51.313905+00:00,12.758403,1772983131313905417,,,,,,T=86132 ID=ARD-R-00001  SW=ON   Ouverture=  0.0 mm  Angle=  -0.26°
2026-03-08T15:18:51.329179+00:00,12.773677,1772983131329179017,,,,,,T=86148 ID=ARD-R-00001  SW=ON   Ouverture=  0.0 mm  Angle=  -0.26°
2026-03-08T15:18:51.345627+00:00,12.790125,1772983131345627117,,,,,,T=86164 ID=ARD-R-00001  SW=ON   Ouverture=  0.0 mm  Angle=  -0.26°
2026-03-08T15:18:51.362123+00:00,12.806621,1772983131362123617,,,,,,T=86180 ID=ARD-R-00001  SW=ON   Ouverture=  0.0 mm  Angle=  -0.26°
2026-03-08T15:18:51.377430+00:00,12.821929,1772983131377430317,,,,,,T=86196 ID=ARD-R-00001  SW=ON   Ouverture=  0.0 mm  Angle=  -0.26°
2026-03-08T15:18:51.393890+00:00,12.838388,1772983131393890417,,,,,,T=86212 ID=ARD-R-00001  SW=ON   Ouverture=  0.0 mm  Angle=  -0.26°
2026-03-08T15:18:51.410379+00:00,12.854877,1772983131410378817,,,,,,T=86228 ID=ARD-R-00001  SW=ON   Ouverture=  0.0 mm  Angle=  -0.26°
2026-03-08T15:18:51.425909+00:00,12.870406,1772983131425908417,,,,,,T=86244 ID=ARD-R-00001  SW=ON   Ouverture=  0.0 mm  Angle=  -0.26°
2026-03-08T15:18:51.442234+00:00,12.886732,1772983131442234417,,,,,,T=86260 ID=ARD-R-00001  SW=ON   Ouverture=  0.0 mm  Angle=  -0.26°
2026-03-08T15:18:51.457691+00:00,12.902189,1772983131457691117,,,,,,T=86276 ID=ARD-R-00001  SW=ON   Ouverture=  0.0 mm  Angle=  -0.26°
2026-03-08T15:18:51.474272+00:00,12.918770,1772983131474271917,,,,,,T=86292 ID=ARD-R-00001  SW=ON   Ouverture=  0.0 mm  Angle=  -0.26°
2026-03-08T15:18:51.490530+00:00,12.935027,1772983131490529417,,,,,,T=86308 ID=ARD-R-00001  SW=ON   Ouverture=  0.0 mm  Angle=  -0.26°
2026-03-08T15:18:51.505965+00:00,12.950463,1772983131505964917,,,,,,T=86324 ID=ARD-R-00001  SW=ON   Ouverture=  0.0 mm  Angle=  -0.26°
2026-03-08T15:18:51.522197+00:00,12.966695,1772983131522196717,,,,,,T=86340 ID=ARD-R-00001  SW=ON   Ouverture=  0.0 mm  Angle=  -0.26°
2026-03-08T15:18:51.538608+00:00,12.983105,1772983131538607617,,,,,,T=86356 ID=ARD-R-00001  SW=ON   Ouverture=  0.0 mm  Angle=  -0.26°
2026-03-08T15:18:51.554060+00:00,12.998558,1772983131554059417,,,,,,T=86372 ID=ARD-R-00001  SW=ON   Ouverture=  0.0 mm  Angle=  -0.26°
2026-03-08T15:18:51.570476+00:00,13.014974,1772983131570475917,,,,,,T=86388 ID=ARD-R-00001  SW=ON   Ouverture=  0.0 mm  Angle=  -0.26°
2026-03-08T15:18:51.585809+00:00,13.030307,1772983131585808917,,,,,,T=86404 ID=ARD-R-00001  SW=ON   Ouverture=  0.0 mm  Angle=  -0.26°
2026-03-08T15:18:51.602320+00:00,13.046818,1772983131602320217,,,,,,T=86420 ID=ARD-R-00001  SW=ON   Ouverture=  0.0 mm  Angle=  -0.26°
2026-03-08T15:18:51.618733+00:00,13.063231,1772983131618732817,,,,,,T=86436 ID=ARD-R-00001  SW=ON   Ouverture=  0.0 mm  Angle=  -0.26°
2026-03-08T15:18:51.634183+00:00,13.078681,1772983131634182817,,,,,,T=86452 ID=ARD-R-00001  SW=ON   Ouverture=  0.0 mm  Angle=  -0.26°
2026-03-08T15:18:51.650631+00:00,13.095130,1772983131650631417,,,,,,T=86468 ID=ARD-R-00001  SW=ON   Ouverture=  0.0 mm  Angle=  -0.26°
2026-03-08T15:18:51.667050+00:00,13.111548,1772983131667050317,,,,,,T=86484 ID=ARD-R-00001  SW=ON   Ouverture=  0.0 mm  Angle=  -0.26°
2026-03-08T15:18:51.682474+00:00,13.126972,1772983131682473917,,,,,,T=86500 ID=ARD-R-00001  SW=ON   Ouverture=  0.0 mm  Angle=  -0.26°
2026-03-08T15:18:51.699008+00:00,13.143505,1772983131699007717,,,,,,T=86516 ID=ARD-R-00001  SW=ON   Ouverture=  0.0 mm  Angle=  -0.26°
2026-03-08T15:18:51.714446+00:00,13.158945,1772983131714446217,,,,,,T=86532 ID=ARD-R-00001  SW=ON   Ouverture=  0.0 mm  Angle=  -0.26°
2026-03-08T15:18:51.730787+00:00,13.175285,1772983131730787417,,,,,,T=86548 ID=ARD-R-00001  SW=ON   Ouverture=  0.0 mm  Angle=  -0.26°
2026-03-08T15:18:51.746982+00:00,13.191480,1772983131746982317,,,,,,T=86564 ID=ARD-R-00001  SW=ON   Ouverture=  0.0 mm  Angle=  -0.26°
2026-03-08T15:18:51.762468+00:00,13.206965,1772983131762467717,,,,,,T=86580 ID=ARD-R-00001  SW=ON   Ouverture=  0.0 mm  Angle=  -0.26°
2026-03-08T15:18:51.779031+00:00,13.223529,1772983131779031417,,,,,,T=86596 ID=ARD-R-00001  SW=ON   Ouverture=  0.0 mm  Angle=  -0.26°
2026-03-08T15:18:51.795364+00:00,13.239862,1772983131795364017,,,,,,T=86612 ID=ARD-R-00001  SW=ON   Ouverture=  0.0 mm  Angle=  -0.26°
2026-03-08T15:18:51.810759+00:00,13.255256,1772983131810758617,,,,,,T=86628 ID=ARD-R-00001  SW=ON   Ouverture=  0.0 mm  Angle=  -0.26°
2026-03-08T15:18:51.827124+00:00,13.271622,1772983131827123817,,,,,,T=86644 ID=ARD-R-00001  SW=ON   Ouverture=  0.0 mm  Angle=  -0.18°
2026-03-08T15:18:51.842590+00:00,13.287088,1772983131842589717,,,,,,T=86660 ID=ARD-R-00001  SW=ON   Ouverture=  0.0 mm  Angle=  -0.26°
2026-03-08T15:18:51.858972+00:00,13.303469,1772983131858971617,,,,,,T=86676 ID=ARD-R-00001  SW=ON   Ouverture=  0.0 mm  Angle=  -0.26°
2026-03-08T15:18:51.875437+00:00,13.319935,1772983131875437217,,,,,,T=86692 ID=ARD-R-00001  SW=ON   Ouverture=  0.0 mm  Angle=  -0.26°
2026-03-08T15:18:51.890898+00:00,13.335396,1772983131890898517,,,,,,T=86708 ID=ARD-R-00001  SW=ON   Ouverture=  0.0 mm  Angle=  -0.26°
2026-03-08T15:18:51.907309+00:00,13.351806,1772983131907308517,,,,,,T=86724 ID=ARD-R-00001  SW=ON   Ouverture=  0.0 mm  Angle=  -0.26°
2026-03-08T15:18:51.923996+00:00,13.368494,1772983131923996217,,,,,,T=86740 ID=ARD-R-00001  SW=ON   Ouverture=  0.0 mm  Angle=  -0.26°
2026-03-08T15:18:51.939165+00:00,13.383663,1772983131939164717,,,,,,T=86756 ID=ARD-R-00001  SW=ON   Ouverture=  0.0 mm  Angle=  -0.26°
2026-03-08T15:18:51.955632+00:00,13.400129,1772983131955631817,,,,,,T=86772 ID=ARD-R-00001  SW=ON   Ouverture=  0.0 mm  Angle=  -0.26°
2026-03-08T15:18:51.971363+00:00,13.415861,1772983131971363217,,,,,,T=86788 ID=ARD-R-00001  SW=ON   Ouverture=  0.0 mm  Angle=  -0.26°
2026-03-08T15:18:51.987318+00:00,13.431816,1772983131987317717,,,,,,T=86804 ID=ARD-R-00001  SW=ON   Ouverture=  0.0 mm  Angle=  -0.26°
2026-03-08T15:18:52.003735+00:00,13.448233,1772983132003735117,,,,,,T=86820 ID=ARD-R-00001  SW=ON   Ouverture=  0.0 mm  Angle=  -0.26°
2026-03-08T15:18:52.019125+00:00,13.463623,1772983132019125617,,,,,,T=86836 ID=ARD-R-00001  SW=ON   Ouverture=  0.0 mm  Angle=  -0.26°
2026-03-08T15:18:52.035555+00:00,13.480053,1772983132035555017,,,,,,T=86852 ID=ARD-R-00001  SW=ON   Ouverture=  0.0 mm  Angle=  -0.26°
2026-03-08T15:18:52.051952+00:00,13.496450,1772983132051952017,,,,,,T=86868 ID=ARD-R-00001  SW=ON   Ouverture=  0.0 mm  Angle=  -0.26°
2026-03-08T15:18:52.067392+00:00,13.511890,1772983132067392117,,,,,,T=86884 ID=ARD-R-00001  SW=ON   Ouverture=  0.0 mm  Angle=  -0.26°
2026-03-08T15:18:52.083923+00:00,13.528421,1772983132083922717,,,,,,T=86900 ID=ARD-R-00001  SW=ON   Ouverture=  0.0 mm  Angle=  -0.26°
2026-03-08T15:18:52.099273+00:00,13.543771,1772983132099273217,,,,,,T=86916 ID=ARD-R-00001  SW=ON   Ouverture=  0.0 mm  Angle=  -0.26°
2026-03-08T15:18:52.115667+00:00,13.560165,1772983132115666617,,,,,,T=86932 ID=ARD-R-00001  SW=ON   Ouverture=  0.0 mm  Angle=  -0.26°
2026-03-08T15:18:52.132141+00:00,13.576638,1772983132132140617,,,,,,T=86948 ID=ARD-R-00001  SW=ON   Ouverture=  0.0 mm  Angle=  -0.26°
2026-03-08T15:18:52.147520+00:00,13.592018,1772983132147519817,,,,,,T=86964 ID=ARD-R-00001  SW=ON   Ouverture=  0.0 mm  Angle=  -0.26°
2026-03-08T15:18:52.163957+00:00,13.608455,1772983132163957317,,,,,,T=86980 ID=ARD-R-00001  SW=ON   Ouverture=  0.0 mm  Angle=  -0.26°
2026-03-08T15:18:52.180422+00:00,13.624920,1772983132180422117,,,,,,T=86996 ID=ARD-R-00001  SW=ON   Ouverture=  0.0 mm  Angle=  -0.18°
2026-03-08T15:18:52.195763+00:00,13.640260,1772983132195762617,,,,,,T=87012 ID=ARD-R-00001  SW=ON   Ouverture=  0.0 mm  Angle=  -0.26°
2026-03-08T15:18:52.212388+00:00,13.656885,1772983132212387617,,,,,,T=87028 ID=ARD-R-00001  SW=ON   Ouverture=  0.0 mm  Angle=  -0.26°
2026-03-08T15:18:52.227501+00:00,13.671999,1772983132227501117,,,,,,T=87044 ID=ARD-R-00001  SW=ON   Ouverture=  0.0 mm  Angle=  -0.26°
2026-03-08T15:18:52.243979+00:00,13.688476,1772983132243978717,,,,,,T=87060 ID=ARD-R-00001  SW=ON   Ouverture=  0.0 mm  Angle=  -0.26°
2026-03-08T15:18:52.260333+00:00,13.704830,1772983132260333017,,,,,,T=87076 ID=ARD-R-00001  SW=ON   Ouverture=  0.0 mm  Angle=  -0.26°
2026-03-08T15:18:52.275797+00:00,13.720295,1772983132275797217,,,,,,T=87092 ID=ARD-R-00001  SW=ON   Ouverture=  0.0 mm  Angle=  -0.26°
2026-03-08T15:18:52.292213+00:00,13.736711,1772983132292213317,,,,,,T=87108 ID=ARD-R-00001  SW=ON   Ouverture=  0.0 mm  Angle=  -0.26°
2026-03-08T15:18:52.308667+00:00,13.753165,1772983132308667117,,,,,,T=87124 ID=ARD-R-00001  SW=ON   Ouverture=  0.0 mm  Angle=  -0.26°
2026-03-08T15:18:52.324117+00:00,13.768615,1772983132324116917,,,,,,T=87140 ID=ARD-R-00001  SW=ON   Ouverture=  0.0 mm  Angle=  -0.26°
2026-03-08T15:18:52.340523+00:00,13.785020,1772983132340522917,,,,,,T=87156 ID=ARD-R-00001  SW=ON   Ouverture=  0.0 mm  Angle=  -0.18°
2026-03-08T15:18:52.355908+00:00,13.800406,1772983132355907617,,,,,,T=87172 ID=ARD-R-00001  SW=ON   Ouverture=  0.0 mm  Angle=  -0.26°
2026-03-08T15:18:52.372379+00:00,13.816876,1772983132372378617,,,,,,T=87188 ID=ARD-R-00001  SW=ON   Ouverture=  0.0 mm  Angle=  -0.26°
2026-03-08T15:18:52.388774+00:00,13.833271,1772983132388773917,,,,,,T=87204 ID=ARD-R-00001  SW=ON   Ouverture=  0.0 mm  Angle=  -0.26°
2026-03-08T15:18:52.404240+00:00,13.848738,1772983132404240117,,,,,,T=87220 ID=ARD-R-00001  SW=ON   Ouverture=  0.0 mm  Angle=  -0.26°
2026-03-08T15:18:52.420649+00:00,13.865147,1772983132420648817,,,,,,T=87236 ID=ARD-R-00001  SW=ON   Ouverture=  0.0 mm  Angle=  -0.26°
2026-03-08T15:18:52.443504+00:00,13.888001,1772983132443503517,,,,,,T=87252 ID=ARD-R-00001  SW=ON   Ouverture=  0.0 mm  Angle=  -0.26°
2026-03-08T15:18:52.452335+00:00,13.896833,1772983132452335317,,,,,,T=87268 ID=ARD-R-00001  SW=ON   Ouverture=  0.0 mm  Angle=  -0.26°
2026-03-08T15:18:52.469007+00:00,13.913505,1772983132469007417,,,,,,T=87284 ID=ARD-R-00001  SW=ON   Ouverture=  0.0 mm  Angle=  -0.26°
2026-03-08T15:18:52.484180+00:00,13.928678,1772983132484180317,,,,,,T=87300 ID=ARD-R-00001  SW=ON   Ouverture=  0.0 mm  Angle=  -0.26°
2026-03-08T15:18:52.500633+00:00,13.945131,1772983132500633317,,,,,,T=87316 ID=ARD-R-00001  SW=ON   Ouverture=  0.0 mm  Angle=  -0.26°
2026-03-08T15:18:52.517082+00:00,13.961581,1772983132517082417,,,,,,T=87332 ID=ARD-R-00001  SW=ON   Ouverture=  0.0 mm  Angle=  -0.26°
2026-03-08T15:18:52.532487+00:00,13.976985,1772983132532486917,,,,,,T=87348 ID=ARD-R-00001  SW=ON   Ouverture=  0.0 mm  Angle=  -0.26°
2026-03-08T15:18:52.548864+00:00,13.993362,1772983132548863617,,,,,,T=87364 ID=ARD-R-00001  SW=ON   Ouverture=  0.0 mm  Angle=  -0.26°
2026-03-08T15:18:52.565406+00:00,14.009904,1772983132565405817,,,,,,T=87380 ID=ARD-R-00001  SW=ON   Ouverture=  0.0 mm  Angle=  -0.26°
2026-03-08T15:18:52.580772+00:00,14.025269,1772983132580771617,,,,,,T=87396 ID=ARD-R-00001  SW=ON   Ouverture=  0.0 mm  Angle=  -0.26°
2026-03-08T15:18:52.597162+00:00,14.041660,1772983132597161917,,,,,,T=87412 ID=ARD-R-00001  SW=ON   Ouverture=  0.0 mm  Angle=  -0.26°
2026-03-08T15:18:52.612620+00:00,14.057118,1772983132612620117,,,,,,T=87428 ID=ARD-R-00001  SW=ON   Ouverture=  0.0 mm  Angle=  -0.26°
2026-03-08T15:18:52.629044+00:00,14.073541,1772983132629043917,,,,,,T=87444 ID=ARD-R-00001  SW=ON   Ouverture=  0.0 mm  Angle=  -0.26°
2026-03-08T15:18:52.650698+00:00,14.095195,1772983132650698517,,,,,,T=87460 ID=ARD-R-00001  SW=ON   Ouverture=  0.0 mm  Angle=  -0.26°
2026-03-08T15:18:52.660728+00:00,14.105226,1772983132660728217,,,,,,T=87476 ID=ARD-R-00001  SW=ON   Ouverture=  0.0 mm  Angle=  -0.26°
2026-03-08T15:18:52.677169+00:00,14.121667,1772983132677169417,,,,,,T=87492 ID=ARD-R-00001  SW=ON   Ouverture=  0.0 mm  Angle=  -0.26°
2026-03-08T15:18:52.693554+00:00,14.138052,1772983132693553817,,,,,,T=87508 ID=ARD-R-00001  SW=ON   Ouverture=  0.0 mm  Angle=  -0.26°
2026-03-08T15:18:52.709058+00:00,14.153556,1772983132709058117,,,,,,T=87524 ID=ARD-R-00001  SW=ON   Ouverture=  0.0 mm  Angle=  -0.26°
2026-03-08T15:18:52.725375+00:00,14.169873,1772983132725375317,,,,,,T=87540 ID=ARD-R-00001  SW=ON   Ouverture=  0.0 mm  Angle=  -0.26°
2026-03-08T15:18:52.740878+00:00,14.185376,1772983132740878017,,,,,,T=87556 ID=ARD-R-00001  SW=ON   Ouverture=  0.0 mm  Angle=  -0.26°
2026-03-08T15:18:52.757288+00:00,14.201786,1772983132757287917,,,,,,T=87572 ID=ARD-R-00001  SW=ON   Ouverture=  0.0 mm  Angle=  -0.26°
2026-03-08T15:18:52.773738+00:00,14.218236,1772983132773738317,,,,,,T=87588 ID=ARD-R-00001  SW=ON   Ouverture=  0.0 mm  Angle=  -0.26°
2026-03-08T15:18:52.789111+00:00,14.233610,1772983132789111317,,,,,,T=87604 ID=ARD-R-00001  SW=ON   Ouverture=  0.0 mm  Angle=  -0.26°
2026-03-08T15:18:52.805579+00:00,14.250077,1772983132805578917,,,,,,T=87620 ID=ARD-R-00001  SW=ON   Ouverture=  0.0 mm  Angle=  -0.26°
2026-03-08T15:18:52.822010+00:00,14.266507,1772983132822009817,,,,,,T=87636 ID=ARD-R-00001  SW=ON   Ouverture=  0.0 mm  Angle=  -0.26°
2026-03-08T15:18:52.837379+00:00,14.281877,1772983132837379417,,,,,,T=87652 ID=ARD-R-00001  SW=ON   Ouverture=  0.0 mm  Angle=  -0.26°
2026-03-08T15:18:52.853864+00:00,14.298361,1772983132853863817,,,,,,T=87668 ID=ARD-R-00001  SW=ON   Ouverture=  0.0 mm  Angle=  -0.26°
2026-03-08T15:18:52.869855+00:00,14.314353,1772983132869854817,,,,,,T=87684 ID=ARD-R-00001  SW=ON   Ouverture=  0.0 mm  Angle=  -0.26°
2026-03-08T15:18:52.885678+00:00,14.330176,1772983132885678317,,,,,,T=87700 ID=ARD-R-00001  SW=ON   Ouverture=  0.0 mm  Angle=  -0.26°
2026-03-08T15:18:52.902006+00:00,14.346504,1772983132902005717,,,,,,T=87716 ID=ARD-R-00001  SW=ON   Ouverture=  0.0 mm  Angle=  -0.26°
2026-03-08T15:18:52.917323+00:00,14.361821,1772983132917323317,,,,,,T=87732 ID=ARD-R-00001  SW=ON   Ouverture=  0.0 mm  Angle=  -0.26°
2026-03-08T15:18:52.933807+00:00,14.378305,1772983132933806617,,,,,,T=87748 ID=ARD-R-00001  SW=ON   Ouverture=  0.0 mm  Angle=  -0.26°
2026-03-08T15:18:52.950275+00:00,14.394773,1772983132950275117,,,,,,T=87764 ID=ARD-R-00001  SW=ON   Ouverture=  0.0 mm  Angle=  -0.26°
2026-03-08T15:18:52.965666+00:00,14.410164,1772983132965665717,,,,,,T=87780 ID=ARD-R-00001  SW=ON   Ouverture=  0.0 mm  Angle=  -0.26°
2026-03-08T15:18:52.982104+00:00,14.426602,1772983132982103617,,,,,,T=87796 ID=ARD-R-00001  SW=ON   Ouverture=  0.0 mm  Angle=  -0.26°
2026-03-08T15:18:52.997457+00:00,14.441955,1772983132997456817,,,,,,T=87812 ID=ARD-R-00001  SW=ON   Ouverture=  0.0 mm  Angle=  -0.26°
2026-03-08T15:18:53.014002+00:00,14.458500,1772983133014002017,,,,,,T=87828 ID=ARD-R-00001  SW=ON   Ouverture=  0.0 mm  Angle=  -0.26°
2026-03-08T15:18:53.030381+00:00,14.474879,1772983133030381217,,,,,,T=87844 ID=ARD-R-00001  SW=ON   Ouverture=  0.0 mm  Angle=  -0.26°
2026-03-08T15:18:53.045793+00:00,14.490291,1772983133045792817,,,,,,T=87860 ID=ARD-R-00001  SW=ON   Ouverture=  0.0 mm  Angle=  -0.26°
2026-03-08T15:18:53.062239+00:00,14.506736,1772983133062238617,,,,,,T=87876 ID=ARD-R-00001  SW=ON   Ouverture=  0.0 mm  Angle=  -0.26°
2026-03-08T15:18:53.084377+00:00,14.528875,1772983133084377417,,,,,,T=87892 ID=ARD-R-00001  SW=ON   Ouverture=  0.0 mm  Angle=  -0.26°
2026-03-08T15:18:53.094104+00:00,14.538601,1772983133094103717,,,,,,T=87908 ID=ARD-R-00001  SW=ON   Ouverture=  0.0 mm  Angle=  -0.26°
2026-03-08T15:18:53.110540+00:00,14.555038,1772983133110539817,,,,,,T=87924 ID=ARD-R-00001  SW=ON   Ouverture=  0.0 mm  Angle=  -0.26°
2026-03-08T15:18:53.126216+00:00,14.570714,1772983133126216017,,,,,,T=87940 ID=ARD-R-00001  SW=ON   Ouverture=  0.0 mm  Angle=  -0.26°
2026-03-08T15:18:53.142372+00:00,14.586869,1772983133142371517,,,,,,T=87956 ID=ARD-R-00001  SW=ON   Ouverture=  0.0 mm  Angle=  -0.26°
2026-03-08T15:18:53.158693+00:00,14.603191,1772983133158692517,,,,,,T=87972 ID=ARD-R-00001  SW=ON   Ouverture=  0.0 mm  Angle=  -0.26°
2026-03-08T15:18:53.174082+00:00,14.618579,1772983133174081717,,,,,,T=87988 ID=ARD-R-00001  SW=ON   Ouverture=  0.0 mm  Angle=  -0.26°
2026-03-08T15:18:53.190461+00:00,14.634958,1772983133190460717,,,,,,T=88004 ID=ARD-R-00001  SW=ON   Ouverture=  0.0 mm  Angle=  -0.26°
2026-03-08T15:18:53.206973+00:00,14.651470,1772983133206972617,,,,,,T=88020 ID=ARD-R-00001  SW=ON   Ouverture=  0.0 mm  Angle=  -0.26°
2026-03-08T15:18:53.222450+00:00,14.666948,1772983133222449717,,,,,,T=88036 ID=ARD-R-00001  SW=ON   Ouverture=  0.0 mm  Angle=  -0.26°
2026-03-08T15:18:53.238829+00:00,14.683327,1772983133238829117,,,,,,T=88052 ID=ARD-R-00001  SW=ON   Ouverture=  0.0 mm  Angle=  -0.26°
2026-03-08T15:18:53.254172+00:00,14.698670,1772983133254171617,,,,,,T=88068 ID=ARD-R-00001  SW=ON   Ouverture=  0.0 mm  Angle=  -0.26°
2026-03-08T15:18:53.270658+00:00,14.715155,1772983133270657817,,,,,,T=88084 ID=ARD-R-00001  SW=ON   Ouverture=  0.0 mm  Angle=  -0.26°
2026-03-08T15:18:53.287058+00:00,14.731556,1772983133287057717,,,,,,T=88100 ID=ARD-R-00001  SW=ON   Ouverture=  0.0 mm  Angle=  -0.26°
2026-03-08T15:18:53.308269+00:00,14.752767,1772983133308269317,,,,,,T=88116 ID=ARD-R-00001  SW=ON   Ouverture=  0.0 mm  Angle=  -0.26°
2026-03-08T15:18:53.318885+00:00,14.763383,1772983133318884617,,,,,,T=88132 ID=ARD-R-00001  SW=ON   Ouverture=  0.0 mm  Angle=  -0.26°
2026-03-08T15:18:53.335293+00:00,14.779791,1772983133335293017,,,,,,T=88148 ID=ARD-R-00001  SW=ON   Ouverture=  0.0 mm  Angle=  -0.26°
2026-03-08T15:18:53.350608+00:00,14.795106,1772983133350608317,,,,,,T=88164 ID=ARD-R-00001  SW=ON   Ouverture=  0.0 mm  Angle=  -0.26°
2026-03-08T15:18:53.367105+00:00,14.811603,1772983133367105617,,,,,,T=88180 ID=ARD-R-00001  SW=ON   Ouverture=  0.0 mm  Angle=  -0.26°
2026-03-08T15:18:53.382558+00:00,14.827055,1772983133382557617,,,,,,T=88196 ID=ARD-R-00001  SW=ON   Ouverture=  0.0 mm  Angle=  -0.26°
2026-03-08T15:18:53.398867+00:00,14.843365,1772983133398867417,,,,,,T=88212 ID=ARD-R-00001  SW=ON   Ouverture=  0.0 mm  Angle=  -0.26°
2026-03-08T15:18:53.415326+00:00,14.859824,1772983133415326217,,,,,,T=88228 ID=ARD-R-00001  SW=ON   Ouverture=  0.0 mm  Angle=  -0.26°
2026-03-08T15:18:53.430874+00:00,14.875372,1772983133430873917,,,,,,T=88244 ID=ARD-R-00001  SW=ON   Ouverture=  0.0 mm  Angle=  -0.26°
2026-03-08T15:18:53.447212+00:00,14.891710,1772983133447212417,,,,,,T=88260 ID=ARD-R-00001  SW=ON   Ouverture=  0.0 mm  Angle=  -0.26°
2026-03-08T15:18:53.463588+00:00,14.908087,1772983133463588417,,,,,,T=88276 ID=ARD-R-00001  SW=ON   Ouverture=  0.0 mm  Angle=  -0.26°
2026-03-08T15:18:53.479120+00:00,14.923617,1772983133479119617,,,,,,T=88292 ID=ARD-R-00001  SW=ON   Ouverture=  0.0 mm  Angle=  -0.26°
2026-03-08T15:18:53.495450+00:00,14.939949,1772983133495450417,,,,,,T=88308 ID=ARD-R-00001  SW=ON   Ouverture=  0.0 mm  Angle=  -0.26°
2026-03-08T15:18:53.516526+00:00,14.961023,1772983133516525517,,,,,,T=88324 ID=ARD-R-00001  SW=ON   Ouverture=  0.0 mm  Angle=  -0.26°
2026-03-08T15:18:53.527246+00:00,14.971744,1772983133527246417,,,,,,T=88340 ID=ARD-R-00001  SW=ON   Ouverture=  0.0 mm  Angle=  -0.26°
2026-03-08T15:18:53.543907+00:00,14.988404,1772983133543906717,,,,,,T=88356 ID=ARD-R-00001  SW=ON   Ouverture=  0.0 mm  Angle=  -0.26°
2026-03-08T15:18:53.559252+00:00,15.003749,1772983133559251617,,,,,,T=88372 ID=ARD-R-00001  SW=ON   Ouverture=  0.0 mm  Angle=  -0.26°
2026-03-08T15:18:53.575484+00:00,15.019982,1772983133575484217,,,,,,T=88388 ID=ARD-R-00001  SW=ON   Ouverture=  0.0 mm  Angle=  -0.26°
2026-03-08T15:18:53.591845+00:00,15.036343,1772983133591845417,,,,,,T=88404 ID=ARD-R-00001  SW=ON   Ouverture=  0.0 mm  Angle=  -0.26°
2026-03-08T15:18:53.607376+00:00,15.051874,1772983133607375917,,,,,,T=88420 ID=ARD-R-00001  SW=ON   Ouverture=  0.0 mm  Angle=  -0.35°
2026-03-08T15:18:53.623695+00:00,15.068193,1772983133623695317,,,,,,T=88436 ID=ARD-R-00001  SW=ON   Ouverture=  0.0 mm  Angle=  -0.26°
2026-03-08T15:18:53.639151+00:00,15.083648,1772983133639150617,,,,,,T=88452 ID=ARD-R-00001  SW=ON   Ouverture=  0.0 mm  Angle=  -0.26°
2026-03-08T15:18:53.655562+00:00,15.100060,1772983133655562417,,,,,,T=88468 ID=ARD-R-00001  SW=ON   Ouverture=  0.0 mm  Angle=  -0.26°
2026-03-08T15:18:53.672060+00:00,15.116558,1772983133672060317,,,,,,T=88484 ID=ARD-R-00001  SW=ON   Ouverture=  0.0 mm  Angle=  -0.26°
2026-03-08T15:18:53.687545+00:00,15.132042,1772983133687544617,,,,,,T=88500 ID=ARD-R-00001  SW=ON   Ouverture=  0.0 mm  Angle=  -0.26°
2026-03-08T15:18:53.703883+00:00,15.148381,1772983133703883617,,,,,,T=88516 ID=ARD-R-00001  SW=ON   Ouverture=  0.0 mm  Angle=  -0.26°
2026-03-08T15:18:53.720342+00:00,15.164840,1772983133720342017,,,,,,T=88532 ID=ARD-R-00001  SW=ON   Ouverture=  0.0 mm  Angle=  -0.26°
2026-03-08T15:18:53.735716+00:00,15.180214,1772983133735715817,,,,,,T=88548 ID=ARD-R-00001  SW=ON   Ouverture=  0.0 mm  Angle=  -0.26°
2026-03-08T15:18:53.757063+00:00,15.201561,1772983133757062917,,,,,,T=88564 ID=ARD-R-00001  SW=ON   Ouverture=  0.0 mm  Angle=  -0.26°
2026-03-08T15:18:53.767519+00:00,15.212017,1772983133767519317,,,,,,T=88580 ID=ARD-R-00001  SW=ON   Ouverture=  0.0 mm  Angle=  -0.26°
2026-03-08T15:18:53.784015+00:00,15.228512,1772983133784014817,,,,,,T=88596 ID=ARD-R-00001  SW=ON   Ouverture=  0.0 mm  Angle=  -0.26°
2026-03-08T15:18:53.800429+00:00,15.244927,1772983133800429117,,,,,,T=88612 ID=ARD-R-00001  SW=ON   Ouverture=  0.0 mm  Angle=  -0.26°
2026-03-08T15:18:53.815680+00:00,15.260178,1772983133815680117,,,,,,T=88628 ID=ARD-R-00001  SW=ON   Ouverture=  0.0 mm  Angle=  -0.26°
2026-03-08T15:18:53.832077+00:00,15.276575,1772983133832076817,,,,,,T=88644 ID=ARD-R-00001  SW=ON   Ouverture=  0.0 mm  Angle=  -0.26°
2026-03-08T15:18:53.848571+00:00,15.293068,1772983133848571217,,,,,,T=88660 ID=ARD-R-00001  SW=ON   Ouverture=  0.0 mm  Angle=  -0.26°
2026-03-08T15:18:53.864307+00:00,15.308805,1772983133864306817,,,,,,T=88676 ID=ARD-R-00001  SW=ON   Ouverture=  0.0 mm  Angle=  -0.26°
2026-03-08T15:18:53.880389+00:00,15.324887,1772983133880389217,,,,,,T=88692 ID=ARD-R-00001  SW=ON   Ouverture=  0.0 mm  Angle=  -0.26°
2026-03-08T15:18:53.895796+00:00,15.340294,1772983133895796217,,,,,,T=88708 ID=ARD-R-00001  SW=ON   Ouverture=  0.0 mm  Angle=  -0.26°
2026-03-08T15:18:53.912255+00:00,15.356753,1772983133912255317,,,,,,T=88724 ID=ARD-R-00001  SW=ON   Ouverture=  0.0 mm  Angle=  -0.26°
2026-03-08T15:18:53.928642+00:00,15.373140,1772983133928641717,,,,,,T=88740 ID=ARD-R-00001  SW=ON   Ouverture=  0.0 mm  Angle=  -0.26°
2026-03-08T15:18:53.944131+00:00,15.388628,1772983133944130617,,,,,,T=88756 ID=ARD-R-00001  SW=ON   Ouverture=  0.0 mm  Angle=  -0.26°
2026-03-08T15:18:53.960538+00:00,15.405036,1772983133960537917,,,,,,T=88772 ID=ARD-R-00001  SW=ON   Ouverture=  0.0 mm  Angle=  -0.26°
2026-03-08T15:18:53.980888+00:00,15.425386,1772983133980888217,,,,,,T=88788 ID=ARD-R-00001  SW=ON   Ouverture=  0.0 mm  Angle=  -0.26°
2026-03-08T15:18:53.992345+00:00,15.436842,1772983133992344517,,,,,,T=88804 ID=ARD-R-00001  SW=ON   Ouverture=  0.0 mm  Angle=  -0.26°
2026-03-08T15:18:54.008802+00:00,15.453300,1772983134008801717,,,,,,T=88820 ID=ARD-R-00001  SW=ON   Ouverture=  0.0 mm  Angle=  -0.26°
2026-03-08T15:18:54.024050+00:00,15.468547,1772983134024049317,,,,,,T=88836 ID=ARD-R-00001  SW=ON   Ouverture=  0.0 mm  Angle=  -0.26°
2026-03-08T15:18:54.040502+00:00,15.484999,1772983134040501617,,,,,,T=88852 ID=ARD-R-00001  SW=ON   Ouverture=  0.0 mm  Angle=  -0.35°
2026-03-08T15:18:54.056887+00:00,15.501385,1772983134056887217,,,,,,T=88868 ID=ARD-R-00001  SW=ON   Ouverture=  0.0 mm  Angle=  -0.26°
2026-03-08T15:18:54.072369+00:00,15.516866,1772983134072368617,,,,,,T=88884 ID=ARD-R-00001  SW=ON   Ouverture=  0.0 mm  Angle=  -0.26°
2026-03-08T15:18:54.088745+00:00,15.533243,1772983134088745017,,,,,,T=88900 ID=ARD-R-00001  SW=ON   Ouverture=  0.0 mm  Angle=  -0.26°
2026-03-08T15:18:54.105192+00:00,15.549690,1772983134105192417,,,,,,T=88916 ID=ARD-R-00001  SW=ON   Ouverture=  0.0 mm  Angle=  -0.26°
2026-03-08T15:18:54.120626+00:00,15.565124,1772983134120626117,,,,,,T=88932 ID=ARD-R-00001  SW=ON   Ouverture=  0.0 mm  Angle=  -0.26°
2026-03-08T15:18:54.137044+00:00,15.581542,1772983134137044417,,,,,,T=88948 ID=ARD-R-00001  SW=ON   Ouverture=  0.0 mm  Angle=  -0.26°
2026-03-08T15:18:54.152500+00:00,15.596998,1772983134152500117,,,,,,T=88964 ID=ARD-R-00001  SW=ON   Ouverture=  0.0 mm  Angle=  -0.26°
2026-03-08T15:18:54.168886+00:00,15.613385,1772983134168886517,,,,,,T=88980 ID=ARD-R-00001  SW=ON   Ouverture=  0.0 mm  Angle=  -0.26°
2026-03-08T15:18:54.188899+00:00,15.633397,1772983134188898917,,,,,,T=88996 ID=ARD-R-00001  SW=ON   Ouverture=  0.0 mm  Angle=  -0.26°
2026-03-08T15:18:54.200755+00:00,15.645253,1772983134200755317,,,,,,T=89012 ID=ARD-R-00001  SW=ON   Ouverture=  0.0 mm  Angle=  -0.26°
2026-03-08T15:18:54.217250+00:00,15.661747,1772983134217249617,,,,,,T=89028 ID=ARD-R-00001  SW=ON   Ouverture=  0.0 mm  Angle=  -0.26°
2026-03-08T15:18:54.233641+00:00,15.678139,1772983134233640717,,,,,,T=89044 ID=ARD-R-00001  SW=ON   Ouverture=  0.0 mm  Angle=  -0.26°
2026-03-08T15:18:54.249019+00:00,15.693517,1772983134249019317,,,,,,T=89060 ID=ARD-R-00001  SW=ON   Ouverture=  0.0 mm  Angle=  -0.26°
2026-03-08T15:18:54.265341+00:00,15.709839,1772983134265340817,,,,,,T=89076 ID=ARD-R-00001  SW=ON   Ouverture=  0.0 mm  Angle=  -0.26°
2026-03-08T15:18:54.280756+00:00,15.725254,1772983134280756517,,,,,,T=89092 ID=ARD-R-00001  SW=ON   Ouverture=  0.0 mm  Angle=  -0.26°
2026-03-08T15:18:54.297299+00:00,15.741797,1772983134297299417,,,,,,T=89108 ID=ARD-R-00001  SW=ON   Ouverture=  0.0 mm  Angle=  -0.18°
2026-03-08T15:18:54.313734+00:00,15.758233,1772983134313734517,,,,,,T=89124 ID=ARD-R-00001  SW=ON   Ouverture=  0.0 mm  Angle=  -0.26°
2026-03-08T15:18:54.329077+00:00,15.773575,1772983134329076817,,,,,,T=89140 ID=ARD-R-00001  SW=ON   Ouverture=  0.0 mm  Angle=  -0.26°
2026-03-08T15:18:54.345482+00:00,15.789980,1772983134345482017,,,,,,T=89156 ID=ARD-R-00001  SW=ON   Ouverture=  0.0 mm  Angle=  -0.26°
2026-03-08T15:18:54.361879+00:00,15.806376,1772983134361878417,,,,,,T=89172 ID=ARD-R-00001  SW=ON   Ouverture=  0.0 mm  Angle=  -0.26°
2026-03-08T15:18:54.377333+00:00,15.821831,1772983134377333317,,,,,,T=89188 ID=ARD-R-00001  SW=ON   Ouverture=  0.0 mm  Angle=  -0.26°
2026-03-08T15:18:54.393723+00:00,15.838222,1772983134393723417,,,,,,T=89204 ID=ARD-R-00001  SW=ON   Ouverture=  0.0 mm  Angle=  -0.26°
2026-03-08T15:18:54.412763+00:00,15.857260,1772983134412762517,,,,,,T=89220 ID=ARD-R-00001  SW=ON   Ouverture=  0.0 mm  Angle=  -0.26°
2026-03-08T15:18:54.425584+00:00,15.870081,1772983134425583617,,,,,,T=89236 ID=ARD-R-00001  SW=ON   Ouverture=  0.0 mm  Angle=  -0.26°
2026-03-08T15:18:54.442182+00:00,15.886680,1772983134442181717,,,,,,T=89252 ID=ARD-R-00001  SW=ON   Ouverture=  0.0 mm  Angle=  -0.35°
2026-03-08T15:18:54.457438+00:00,15.901935,1772983134457437317,,,,,,T=89268 ID=ARD-R-00001  SW=ON   Ouverture=  0.0 mm  Angle=  -0.26°
2026-03-08T15:18:54.473853+00:00,15.918351,1772983134473853117,,,,,,T=89284 ID=ARD-R-00001  SW=ON   Ouverture=  0.0 mm  Angle=  -0.26°
2026-03-08T15:18:54.490317+00:00,15.934815,1772983134490316917,,,,,,T=89300 ID=ARD-R-00001  SW=ON   Ouverture=  0.0 mm  Angle=  -0.26°
2026-03-08T15:18:54.505692+00:00,15.950190,1772983134505691817,,,,,,T=89316 ID=ARD-R-00001  SW=ON   Ouverture=  0.0 mm  Angle=  -0.35°
2026-03-08T15:18:54.522129+00:00,15.966627,1772983134522128917,,,,,,T=89332 ID=ARD-R-00001  SW=ON   Ouverture=  0.0 mm  Angle=  -0.26°
2026-03-08T15:18:54.537396+00:00,15.981894,1772983134537396417,,,,,,T=89348 ID=ARD-R-00001  SW=ON   Ouverture=  0.0 mm  Angle=  -0.26°
2026-03-08T15:18:54.553827+00:00,15.998325,1772983134553827217,,,,,,T=89364 ID=ARD-R-00001  SW=ON   Ouverture=  0.0 mm  Angle=  -0.26°
2026-03-08T15:18:54.570228+00:00,16.014727,1772983134570228317,,,,,,T=89380 ID=ARD-R-00001  SW=ON   Ouverture=  0.0 mm  Angle=  -0.26°
2026-03-08T15:18:54.585744+00:00,16.030242,1772983134585744117,,,,,,T=89396 ID=ARD-R-00001  SW=ON   Ouverture=  0.0 mm  Angle=  -0.26°
2026-03-08T15:18:54.602198+00:00,16.046696,1772983134602197817,,,,,,T=89412 ID=ARD-R-00001  SW=ON   Ouverture=  0.0 mm  Angle=  -0.26°
2026-03-08T15:18:54.621412+00:00,16.065910,1772983134621411617,,,,,,T=89428 ID=ARD-R-00001  SW=ON   Ouverture=  0.0 mm  Angle=  -0.26°
2026-03-08T15:18:54.633950+00:00,16.078447,1772983134633949517,,,,,,T=89444 ID=ARD-R-00001  SW=ON   Ouverture=  0.0 mm  Angle=  -0.35°
2026-03-08T15:18:54.650452+00:00,16.094950,1772983134650451817,,,,,,T=89460 ID=ARD-R-00001  SW=ON   Ouverture=  0.0 mm  Angle=  -0.26°
2026-03-08T15:18:54.665969+00:00,16.110467,1772983134665968917,,,,,,T=89476 ID=ARD-R-00001  SW=ON   Ouverture=  0.0 mm  Angle=  -0.26°
2026-03-08T15:18:54.682344+00:00,16.126842,1772983134682344017,,,,,,T=89492 ID=ARD-R-00001  SW=ON   Ouverture=  0.0 mm  Angle=  -0.26°
2026-03-08T15:18:54.698711+00:00,16.143208,1772983134698710817,,,,,,T=89508 ID=ARD-R-00001  SW=ON   Ouverture=  0.0 mm  Angle=  -0.26°
2026-03-08T15:18:54.714220+00:00,16.158718,1772983134714219817,,,,,,T=89524 ID=ARD-R-00001  SW=ON   Ouverture=  0.0 mm  Angle=  -0.26°
2026-03-08T15:18:54.730700+00:00,16.175197,1772983134730699817,,,,,,T=89540 ID=ARD-R-00001  SW=ON   Ouverture=  0.0 mm  Angle=  -0.26°
2026-03-08T15:18:54.746807+00:00,16.191305,1772983134746807117,,,,,,T=89556 ID=ARD-R-00001  SW=ON   Ouverture=  0.0 mm  Angle=  -0.26°
2026-03-08T15:18:54.762259+00:00,16.206757,1772983134762259317,,,,,,T=89572 ID=ARD-R-00001  SW=ON   Ouverture=  0.0 mm  Angle=  -0.26°
2026-03-08T15:18:54.778708+00:00,16.223205,1772983134778707617,,,,,,T=89588 ID=ARD-R-00001  SW=ON   Ouverture=  0.0 mm  Angle=  -0.26°
2026-03-08T15:18:54.794471+00:00,16.238969,1772983134794470817,,,,,,T=89604 ID=ARD-R-00001  SW=ON   Ouverture=  0.0 mm  Angle=  -0.26°
2026-03-08T15:18:54.810687+00:00,16.255184,1772983134810686917,,,,,,T=89620 ID=ARD-R-00001  SW=ON   Ouverture=  0.0 mm  Angle=  -0.35°
2026-03-08T15:18:54.827667+00:00,16.272165,1772983134827667417,,,,,,T=89636 ID=ARD-R-00001  SW=ON   Ouverture=  0.0 mm  Angle=  -0.26°
2026-03-08T15:18:54.845455+00:00,16.289953,1772983134845454917,,,,,,T=89652 ID=ARD-R-00001  SW=ON   Ouverture=  0.0 mm  Angle=  -0.26°
2026-03-08T15:18:54.859015+00:00,16.303513,1772983134859014517,,,,,,T=89668 ID=ARD-R-00001  SW=ON   Ouverture=  0.0 mm  Angle=  -0.26°
2026-03-08T15:18:54.875329+00:00,16.319827,1772983134875329517,,,,,,T=89684 ID=ARD-R-00001  SW=ON   Ouverture=  0.0 mm  Angle=  -0.35°
2026-03-08T15:18:54.890739+00:00,16.335237,1772983134890739117,,,,,,T=89700 ID=ARD-R-00001  SW=ON   Ouverture=  0.0 mm  Angle=  -0.26°
2026-03-08T15:18:54.907159+00:00,16.351657,1772983134907158917,,,,,,T=89716 ID=ARD-R-00001  SW=ON   Ouverture=  0.0 mm  Angle=  -0.26°
2026-03-08T15:18:54.922562+00:00,16.367060,1772983134922562317,,,,,,T=89732 ID=ARD-R-00001  SW=ON   Ouverture=  0.0 mm  Angle=  -0.35°
2026-03-08T15:18:54.939167+00:00,16.383665,1772983134939167017,,,,,,T=89748 ID=ARD-R-00001  SW=ON   Ouverture=  0.0 mm  Angle=  -0.26°
2026-03-08T15:18:54.955456+00:00,16.399954,1772983134955455917,,,,,,T=89764 ID=ARD-R-00001  SW=ON   Ouverture=  0.0 mm  Angle=  -0.26°
2026-03-08T15:18:54.970640+00:00,16.415138,1772983134970640417,,,,,,T=89780 ID=ARD-R-00001  SW=ON   Ouverture=  0.0 mm  Angle=  -0.26°
2026-03-08T15:18:54.987106+00:00,16.431604,1772983134987106417,,,,,,T=89796 ID=ARD-R-00001  SW=ON   Ouverture=  0.0 mm  Angle=  -0.26°
2026-03-08T15:18:55.003491+00:00,16.447989,1772983135003490817,,,,,,T=89812 ID=ARD-R-00001  SW=ON   Ouverture=  0.0 mm  Angle=  -0.26°
2026-03-08T15:18:55.019003+00:00,16.463501,1772983135019003417,,,,,,T=89828 ID=ARD-R-00001  SW=ON   Ouverture=  0.0 mm  Angle=  -0.26°
2026-03-08T15:18:55.035364+00:00,16.479862,1772983135035363917,,,,,,T=89844 ID=ARD-R-00001  SW=ON   Ouverture=  0.0 mm  Angle=  -0.26°
2026-03-08T15:18:55.052602+00:00,16.497100,1772983135052602017,,,,,,T=89860 ID=ARD-R-00001  SW=ON   Ouverture=  0.0 mm  Angle=  -0.26°
2026-03-08T15:18:55.067254+00:00,16.511751,1772983135067253717,,,,,,T=89876 ID=ARD-R-00001  SW=ON   Ouverture=  0.0 mm  Angle=  -0.26°
2026-03-08T15:18:55.083688+00:00,16.528186,1772983135083687917,,,,,,T=89892 ID=ARD-R-00001  SW=ON   Ouverture=  0.0 mm  Angle=  -0.26°
2026-03-08T15:18:55.099113+00:00,16.543610,1772983135099112417,,,,,,T=89908 ID=ARD-R-00001  SW=ON   Ouverture=  0.0 mm  Angle=  -0.26°
2026-03-08T15:18:55.115532+00:00,16.560030,1772983135115531917,,,,,,T=89924 ID=ARD-R-00001  SW=ON   Ouverture=  0.0 mm  Angle=  -0.26°
2026-03-08T15:18:55.132029+00:00,16.576526,1772983135132028617,,,,,,T=89940 ID=ARD-R-00001  SW=ON   Ouverture=  0.0 mm  Angle=  -0.26°
2026-03-08T15:18:55.147386+00:00,16.591884,1772983135147386317,,,,,,T=89956 ID=ARD-R-00001  SW=ON   Ouverture=  0.0 mm  Angle=  -0.35°
2026-03-08T15:18:55.163671+00:00,16.608169,1772983135163671617,,,,,,T=89972 ID=ARD-R-00001  SW=ON   Ouverture=  0.0 mm  Angle=  -0.26°
2026-03-08T15:18:55.179160+00:00,16.623658,1772983135179159917,,,,,,T=89988 ID=ARD-R-00001  SW=ON   Ouverture=  0.0 mm  Angle=  -0.26°
2026-03-08T15:18:55.195551+00:00,16.640048,1772983135195550617,,,,,,T=90004 ID=ARD-R-00001  SW=ON   Ouverture=  0.0 mm  Angle=  -0.26°
2026-03-08T15:18:55.211936+00:00,16.656434,1772983135211936017,,,,,,T=90020 ID=ARD-R-00001  SW=ON   Ouverture=  0.0 mm  Angle=  -0.26°
2026-03-08T15:18:55.227455+00:00,16.671953,1772983135227454917,,,,,,T=90036 ID=ARD-R-00001  SW=ON   Ouverture=  0.0 mm  Angle=  -0.26°
2026-03-08T15:18:55.243815+00:00,16.688313,1772983135243815517,,,,,,T=90052 ID=ARD-R-00001  SW=ON   Ouverture=  0.0 mm  Angle=  -0.26°
2026-03-08T15:18:55.260255+00:00,16.704753,1772983135260254717,,,,,,T=90068 ID=ARD-R-00001  SW=ON   Ouverture=  0.0 mm  Angle=  -0.26°
2026-03-08T15:18:55.275865+00:00,16.720362,1772983135275865317,,,,,,T=90084 ID=ARD-R-00001  SW=ON   Ouverture=  0.0 mm  Angle=  -0.26°
2026-03-08T15:18:55.292428+00:00,16.736926,1772983135292427517,,,,,,T=90100 ID=ARD-R-00001  SW=ON   Ouverture=  0.0 mm  Angle=  -0.26°
2026-03-08T15:18:55.307589+00:00,16.752087,1772983135307589417,,,,,,T=90116 ID=ARD-R-00001  SW=ON   Ouverture=  0.0 mm  Angle=  -0.35°
2026-03-08T15:18:55.323967+00:00,16.768465,1772983135323966917,,,,,,T=90132 ID=ARD-R-00001  SW=ON   Ouverture=  0.0 mm  Angle=  -0.26°
2026-03-08T15:18:55.340425+00:00,16.784923,1772983135340424617,,,,,,T=90148 ID=ARD-R-00001  SW=ON   Ouverture=  0.0 mm  Angle=  -0.26°
2026-03-08T15:18:55.355639+00:00,16.800136,1772983135355638517,,,,,,T=90164 ID=ARD-R-00001  SW=ON   Ouverture=  0.0 mm  Angle=  -0.26°
2026-03-08T15:18:55.372103+00:00,16.816601,1772983135372103317,,,,,,T=90180 ID=ARD-R-00001  SW=ON   Ouverture=  0.0 mm  Angle=  -0.26°
2026-03-08T15:18:55.388466+00:00,16.832965,1772983135388466417,,,,,,T=90196 ID=ARD-R-00001  SW=ON   Ouverture=  0.0 mm  Angle=  -0.35°
2026-03-08T15:18:55.403948+00:00,16.848446,1772983135403947917,,,,,,T=90212 ID=ARD-R-00001  SW=ON   Ouverture=  0.0 mm  Angle=  -0.26°
2026-03-08T15:18:55.420957+00:00,16.865456,1772983135420957517,,,,,,T=90228 ID=ARD-R-00001  SW=ON   Ouverture=  0.0 mm  Angle=  -0.26°
2026-03-08T15:18:55.435802+00:00,16.880300,1772983135435802217,,,,,,T=90244 ID=ARD-R-00001  SW=ON   Ouverture=  0.0 mm  Angle=  -0.26°
2026-03-08T15:18:55.452234+00:00,16.896731,1772983135452233417,,,,,,T=90260 ID=ARD-R-00001  SW=ON   Ouverture=  0.0 mm  Angle=  -0.26°
2026-03-08T15:18:55.468680+00:00,16.913178,1772983135468680417,,,,,,T=90276 ID=ARD-R-00001  SW=ON   Ouverture=  0.0 mm  Angle=  -0.26°
2026-03-08T15:18:55.484122+00:00,16.928620,1772983135484122017,,,,,,T=90292 ID=ARD-R-00001  SW=ON   Ouverture=  0.0 mm  Angle=  -0.26°
2026-03-08T15:18:55.500523+00:00,16.945020,1772983135500522617,,,,,,T=90308 ID=ARD-R-00001  SW=ON   Ouverture=  0.0 mm  Angle=  -0.26°
2026-03-08T15:18:55.517001+00:00,16.961499,1772983135517001217,,,,,,T=90324 ID=ARD-R-00001  SW=ON   Ouverture=  0.0 mm  Angle=  -0.26°
2026-03-08T15:18:55.532397+00:00,16.976895,1772983135532396917,,,,,,T=90340 ID=ARD-R-00001  SW=ON   Ouverture=  0.0 mm  Angle=  -0.26°
2026-03-08T15:18:55.548790+00:00,16.993288,1772983135548790117,,,,,,T=90356 ID=ARD-R-00001  SW=ON   Ouverture=  0.0 mm  Angle=  -0.26°
2026-03-08T15:18:55.564132+00:00,17.008630,1772983135564131817,,,,,,T=90372 ID=ARD-R-00001  SW=ON   Ouverture=  0.0 mm  Angle=  -0.26°
2026-03-08T15:18:55.580456+00:00,17.024954,1772983135580455817,,,,,,T=90388 ID=ARD-R-00001  SW=ON   Ouverture=  0.0 mm  Angle=  -0.26°
2026-03-08T15:18:55.596916+00:00,17.041414,1772983135596915717,,,,,,T=90404 ID=ARD-R-00001  SW=ON   Ouverture=  0.0 mm  Angle=  -0.26°
2026-03-08T15:18:55.612432+00:00,17.056930,1772983135612432417,,,,,,T=90420 ID=ARD-R-00001  SW=ON   Ouverture=  0.0 mm  Angle=  -0.26°
2026-03-08T15:18:55.628678+00:00,17.073176,1772983135628677617,,,,,,T=90436 ID=ARD-R-00001  SW=ON   Ouverture=  0.0 mm  Angle=  -0.26°
2026-03-08T15:18:55.645171+00:00,17.089668,1772983135645170717,,,,,,T=90452 ID=ARD-R-00001  SW=ON   Ouverture=  0.0 mm  Angle=  -0.26°
2026-03-08T15:18:55.660620+00:00,17.105118,1772983135660620317,,,,,,T=90468 ID=ARD-R-00001  SW=ON   Ouverture=  0.0 mm  Angle=  -0.26°
2026-03-08T15:18:55.677087+00:00,17.121585,1772983135677086817,,,,,,T=90484 ID=ARD-R-00001  SW=ON   Ouverture=  0.0 mm  Angle=  -0.35°
2026-03-08T15:18:55.692474+00:00,17.136971,1772983135692473617,,,,,,T=90500 ID=ARD-R-00001  SW=ON   Ouverture=  0.0 mm  Angle=  -0.26°
2026-03-08T15:18:55.708911+00:00,17.153409,1772983135708911017,,,,,,T=90516 ID=ARD-R-00001  SW=ON   Ouverture=  0.0 mm  Angle=  -0.26°
2026-03-08T15:18:55.725344+00:00,17.169842,1772983135725344017,,,,,,T=90532 ID=ARD-R-00001  SW=ON   Ouverture=  0.0 mm  Angle=  -0.26°
2026-03-08T15:18:55.740756+00:00,17.185254,1772983135740756117,,,,,,T=90548 ID=ARD-R-00001  SW=ON   Ouverture=  0.0 mm  Angle=  -0.26°
2026-03-08T15:18:55.757117+00:00,17.201614,1772983135757116617,,,,,,T=90564 ID=ARD-R-00001  SW=ON   Ouverture=  0.0 mm  Angle=  -0.26°
2026-03-08T15:18:55.773431+00:00,17.217929,1772983135773431217,,,,,,T=90580 ID=ARD-R-00001  SW=ON   Ouverture=  0.0 mm  Angle=  -0.26°
2026-03-08T15:18:55.788883+00:00,17.233381,1772983135788883317,,,,,,T=90596 ID=ARD-R-00001  SW=ON   Ouverture=  0.0 mm  Angle=  -0.26°
2026-03-08T15:18:55.805311+00:00,17.249809,1772983135805311117,,,,,,T=90612 ID=ARD-R-00001  SW=ON   Ouverture=  0.0 mm  Angle=  -0.26°
2026-03-08T15:18:55.820742+00:00,17.265239,1772983135820741517,,,,,,T=90628 ID=ARD-R-00001  SW=ON   Ouverture=  0.0 mm  Angle=  -0.26°
2026-03-08T15:18:55.837179+00:00,17.281677,1772983135837179517,,,,,,T=90644 ID=ARD-R-00001  SW=ON   Ouverture=  0.0 mm  Angle=  -0.26°
2026-03-08T15:18:55.853590+00:00,17.298087,1772983135853589617,,,,,,T=90660 ID=ARD-R-00001  SW=ON   Ouverture=  0.0 mm  Angle=  -0.26°
2026-03-08T15:18:55.869089+00:00,17.313587,1772983135869088917,,,,,,T=90676 ID=ARD-R-00001  SW=ON   Ouverture=  0.0 mm  Angle=  -0.26°
2026-03-08T15:18:55.885444+00:00,17.329941,1772983135885443517,,,,,,T=90692 ID=ARD-R-00001  SW=ON   Ouverture=  0.0 mm  Angle=  -0.26°
2026-03-08T15:18:55.901884+00:00,17.346382,1772983135901883717,,,,,,T=90708 ID=ARD-R-00001  SW=ON   Ouverture=  0.0 mm  Angle=  -0.26°
2026-03-08T15:18:55.917336+00:00,17.361835,1772983135917336517,,,,,,T=90724 ID=ARD-R-00001  SW=ON   Ouverture=  0.0 mm  Angle=  -0.35°
2026-03-08T15:18:55.933940+00:00,17.378438,1772983135933940317,,,,,,T=90740 ID=ARD-R-00001  SW=ON   Ouverture=  0.0 mm  Angle=  -0.26°
2026-03-08T15:18:55.949171+00:00,17.393669,1772983135949170917,,,,,,T=90756 ID=ARD-R-00001  SW=ON   Ouverture=  0.0 mm  Angle=  -0.26°
2026-03-08T15:18:55.965447+00:00,17.409945,1772983135965447117,,,,,,T=90772 ID=ARD-R-00001  SW=ON   Ouverture=  0.0 mm  Angle=  -0.26°
2026-03-08T15:18:55.981921+00:00,17.426419,1772983135981921317,,,,,,T=90788 ID=ARD-R-00001  SW=ON   Ouverture=  0.0 mm  Angle=  -0.26°
2026-03-08T15:18:55.997300+00:00,17.441798,1772983135997300217,,,,,,T=90804 ID=ARD-R-00001  SW=ON   Ouverture=  0.0 mm  Angle=  -0.26°
2026-03-08T15:18:56.013756+00:00,17.458253,1772983136013755917,,,,,,T=90820 ID=ARD-R-00001  SW=ON   Ouverture=  0.0 mm  Angle=  -0.26°
2026-03-08T15:18:56.030151+00:00,17.474649,1772983136030151017,,,,,,T=90836 ID=ARD-R-00001  SW=ON   Ouverture=  0.0 mm  Angle=  -0.35°
2026-03-08T15:18:56.045615+00:00,17.490113,1772983136045614917,,,,,,T=90852 ID=ARD-R-00001  SW=ON   Ouverture=  0.0 mm  Angle=  -0.26°
2026-03-08T15:18:56.062075+00:00,17.506573,1772983136062074817,,,,,,T=90868 ID=ARD-R-00001  SW=ON   Ouverture=  0.0 mm  Angle=  -0.26°
2026-03-08T15:18:56.077454+00:00,17.521952,1772983136077453517,,,,,,T=90884 ID=ARD-R-00001  SW=ON   Ouverture=  0.0 mm  Angle=  -0.26°
2026-03-08T15:18:56.093919+00:00,17.538417,1772983136093919217,,,,,,T=90900 ID=ARD-R-00001  SW=ON   Ouverture=  0.0 mm  Angle=  -0.26°
2026-03-08T15:18:56.110354+00:00,17.554852,1772983136110354417,,,,,,T=90916 ID=ARD-R-00001  SW=ON   Ouverture=  0.0 mm  Angle=  -0.26°
2026-03-08T15:18:56.125601+00:00,17.570098,1772983136125600717,,,,,,T=90932 ID=ARD-R-00001  SW=ON   Ouverture=  0.0 mm  Angle=  -0.26°
2026-03-08T15:18:56.142115+00:00,17.586612,1772983136142115117,,,,,,T=90948 ID=ARD-R-00001  SW=ON   Ouverture=  0.0 mm  Angle=  -0.26°
2026-03-08T15:18:56.158618+00:00,17.603116,1772983136158618317,,,,,,T=90964 ID=ARD-R-00001  SW=ON   Ouverture=  0.0 mm  Angle=  -0.35°
2026-03-08T15:18:56.173942+00:00,17.618439,1772983136173941817,,,,,,T=90980 ID=ARD-R-00001  SW=ON   Ouverture=  0.0 mm  Angle=  -0.26°
2026-03-08T15:18:56.190338+00:00,17.634836,1772983136190337917,,,,,,T=90996 ID=ARD-R-00001  SW=ON   Ouverture=  0.0 mm  Angle=  -0.35°
2026-03-08T15:18:56.205773+00:00,17.650270,1772983136205772417,,,,,,T=91012 ID=ARD-R-00001  SW=ON   Ouverture=  0.0 mm  Angle=  -0.26°
2026-03-08T15:18:56.222191+00:00,17.666688,1772983136222190617,,,,,,T=91028 ID=ARD-R-00001  SW=ON   Ouverture=  0.0 mm  Angle=  -0.26°
2026-03-08T15:18:56.238621+00:00,17.683118,1772983136238620317,,,,,,T=91044 ID=ARD-R-00001  SW=ON   Ouverture=  0.0 mm  Angle=  -0.26°
2026-03-08T15:18:56.254168+00:00,17.698665,1772983136254167717,,,,,,T=91060 ID=ARD-R-00001  SW=ON   Ouverture=  0.0 mm  Angle=  -0.26°
2026-03-08T15:18:56.270482+00:00,17.714980,1772983136270482217,,,,,,T=91076 ID=ARD-R-00001  SW=ON   Ouverture=  0.0 mm  Angle=  -0.26°
2026-03-08T15:18:56.286987+00:00,17.731484,1772983136286986417,,,,,,T=91092 ID=ARD-R-00001  SW=ON   Ouverture=  0.0 mm  Angle=  -0.26°
2026-03-08T15:18:56.302171+00:00,17.746669,1772983136302171317,,,,,,T=91108 ID=ARD-R-00001  SW=ON   Ouverture=  0.0 mm  Angle=  -0.26°
2026-03-08T15:18:56.318624+00:00,17.763122,1772983136318624217,,,,,,T=91124 ID=ARD-R-00001  SW=ON   Ouverture=  0.0 mm  Angle=  -0.26°
2026-03-08T15:18:56.334087+00:00,17.778585,1772983136334087417,,,,,,T=91140 ID=ARD-R-00001  SW=ON   Ouverture=  0.0 mm  Angle=  -0.26°
2026-03-08T15:18:56.350475+00:00,17.794973,1772983136350474817,,,,,,T=91156 ID=ARD-R-00001  SW=ON   Ouverture=  0.0 mm  Angle=  -0.35°
2026-03-08T15:18:56.367751+00:00,17.812248,1772983136367750817,,,,,,T=91172 ID=ARD-R-00001  SW=ON   Ouverture=  0.0 mm  Angle=  -0.26°
2026-03-08T15:18:56.382355+00:00,17.826853,1772983136382354717,,,,,,T=91188 ID=ARD-R-00001  SW=ON   Ouverture=  0.0 mm  Angle=  -0.26°
2026-03-08T15:18:56.398801+00:00,17.843299,1772983136398801117,,,,,,T=91204 ID=ARD-R-00001  SW=ON   Ouverture=  0.0 mm  Angle=  -0.26°
2026-03-08T15:18:56.415232+00:00,17.859731,1772983136415232517,,,,,,T=91220 ID=ARD-R-00001  SW=ON   Ouverture=  0.0 mm  Angle=  -0.26°
2026-03-08T15:18:56.430625+00:00,17.875123,1772983136430625317,,,,,,T=91236 ID=ARD-R-00001  SW=ON   Ouverture=  0.0 mm  Angle=  -0.26°
2026-03-08T15:18:56.447077+00:00,17.891575,1772983136447077217,,,,,,T=91252 ID=ARD-R-00001  SW=ON   Ouverture=  0.0 mm  Angle=  -0.26°
2026-03-08T15:18:56.462487+00:00,17.906985,1772983136462487117,,,,,,T=91268 ID=ARD-R-00001  SW=ON   Ouverture=  0.0 mm  Angle=  -0.26°
2026-03-08T15:18:56.478743+00:00,17.923240,1772983136478742517,,,,,,T=91284 ID=ARD-R-00001  SW=ON   Ouverture=  0.0 mm  Angle=  -0.26°
2026-03-08T15:18:56.495175+00:00,17.939672,1772983136495174617,,,,,,T=91300 ID=ARD-R-00001  SW=ON   Ouverture=  0.0 mm  Angle=  -0.35°
2026-03-08T15:18:56.510598+00:00,17.955096,1772983136510598417,,,,,,T=91316 ID=ARD-R-00001  SW=ON   Ouverture=  0.0 mm  Angle=  -0.26°
2026-03-08T15:18:56.527061+00:00,17.971559,1772983136527061417,,,,,,T=91332 ID=ARD-R-00001  SW=ON   Ouverture=  0.0 mm  Angle=  -0.26°
2026-03-08T15:18:56.543521+00:00,17.988019,1772983136543521017,,,,,,T=91348 ID=ARD-R-00001  SW=ON   Ouverture=  0.0 mm  Angle=  -0.26°
2026-03-08T15:18:56.558903+00:00,18.003400,1772983136558902517,,,,,,T=91364 ID=ARD-R-00001  SW=ON   Ouverture=  0.0 mm  Angle=  -0.26°
2026-03-08T15:18:56.576294+00:00,18.020791,1772983136576294217,,,,,,T=91380 ID=ARD-R-00001  SW=ON   Ouverture=  0.0 mm  Angle=  -0.26°
2026-03-08T15:18:56.590744+00:00,18.035241,1772983136590743517,,,,,,T=91396 ID=ARD-R-00001  SW=ON   Ouverture=  0.0 mm  Angle=  -0.26°
2026-03-08T15:18:56.607192+00:00,18.051690,1772983136607191717,,,,,,T=91412 ID=ARD-R-00001  SW=ON   Ouverture=  0.0 mm  Angle=  -0.26°
2026-03-08T15:18:56.623610+00:00,18.068108,1772983136623609817,,,,,,T=91428 ID=ARD-R-00001  SW=ON   Ouverture=  0.0 mm  Angle=  -0.26°
2026-03-08T15:18:56.639066+00:00,18.083564,1772983136639066017,,,,,,T=91444 ID=ARD-R-00001  SW=ON   Ouverture=  0.0 mm  Angle=  -0.26°
2026-03-08T15:18:56.655421+00:00,18.099919,1772983136655421317,,,,,,T=91460 ID=ARD-R-00001  SW=ON   Ouverture=  0.0 mm  Angle=  -0.26°
2026-03-08T15:18:56.671896+00:00,18.116394,1772983136671896117,,,,,,T=91476 ID=ARD-R-00001  SW=ON   Ouverture=  0.0 mm  Angle=  -0.26°
2026-03-08T15:18:56.687215+00:00,18.131713,1772983136687214817,,,,,,T=91492 ID=ARD-R-00001  SW=ON   Ouverture=  0.0 mm  Angle=  -0.26°
2026-03-08T15:18:56.703705+00:00,18.148203,1772983136703705317,,,,,,T=91508 ID=ARD-R-00001  SW=ON   Ouverture=  0.0 mm  Angle=  -0.26°
2026-03-08T15:18:56.718983+00:00,18.163481,1772983136718982817,,,,,,T=91524 ID=ARD-R-00001  SW=OFF  Ouverture=  0.0 mm  Angle=  -0.26°
