timestamp,time_seconds,timestamp_ns,tracker_head_x,tracker_head_y,tracker_head_z,tracker_head_qw,tracker_head_qx,tracker_head_qy,tracker_head_qz,tracker_left_x,tracker_left_y,tracker_left_z,tracker_left_qw,tracker_left_qx,tracker_left_qy,tracker_left_qz,tracker_right_x,tracker_right_y,tracker_right_z,tracker_right_qw,tracker_right_qx,tracker_right_qy,tracker_right_qz
2026-03-08T15:18:50.710250+00:00,12.154747,1772983130710250500,,,,,,,,0.533016,-0.493970,0.880234,0.833348,-0.002652,-0.552829,-0.003991,0.496161,-0.495276,0.941458,0.887398,-0.004493,-0.460834,-0.006891
2026-03-08T15:18:50.743832+00:00,12.188325,1772983130743831700,,,,,,,,0.533017,-0.493971,0.880233,0.833336,-0.002656,-0.552846,-0.004011,0.496148,-0.495277,0.941461,0.887395,-0.004482,-0.460840,-0.006898
2026-03-08T15:18:50.777404+00:00,12.221897,1772983130777404000,,,,,,,,0.533015,-0.493973,0.880232,0.833333,-0.002669,-0.552851,-0.004001,0.496150,-0.495277,0.941462,0.887390,-0.004496,-0.460848,-0.006882
2026-03-08T15:18:50.810945+00:00,12.255438,1772983130810945300,,,,,,,,0.533010,-0.493970,0.880232,0.833335,-0.002681,-0.552849,-0.004037,0.496155,-0.495275,0.941465,0.887388,-0.004483,-0.460853,-0.006859
2026-03-08T15:18:50.844535+00:00,12.289028,1772983130844534800,,,,,,,,0.533011,-0.493973,0.880230,0.833342,-0.002648,-0.552837,-0.004018,0.496156,-0.495273,0.941464,0.887396,-0.004487,-0.460837,-0.006877
2026-03-08T15:18:50.878052+00:00,12.322544,1772983130878051600,,,,,,,,0.533009,-0.493972,0.880229,0.833342,-0.002627,-0.552838,-0.004003,0.496156,-0.495270,0.941469,0.887394,-0.004491,-0.460841,-0.006883
2026-03-08T15:18:50.911942+00:00,12.356434,1772983130911941600,,,,,,,,0.533000,-0.493972,0.880230,0.833348,-0.002629,-0.552830,-0.004019,0.496154,-0.495270,0.941475,0.887404,-0.004497,-0.460822,-0.006906
2026-03-08T15:18:50.945632+00:00,12.390125,1772983130945631400,,,,,,,,0.533005,-0.493975,0.880231,0.833327,-0.002664,-0.552860,-0.004021,0.496154,-0.495269,0.941472,0.887396,-0.004484,-0.460838,-0.006884
2026-03-08T15:18:50.979165+00:00,12.423659,1772983130979164800,,,,,,,,0.533001,-0.493974,0.880230,0.833343,-0.002659,-0.552836,-0.004025,0.496152,-0.495269,0.941471,0.887393,-0.004467,-0.460843,-0.006889
2026-03-08T15:18:51.012682+00:00,12.457177,1772983131012682000,,,,,,,,0.532995,-0.493974,0.880232,0.833361,-0.002668,-0.552810,-0.004010,0.496153,-0.495269,0.941472,0.887388,-0.004461,-0.460853,-0.006897
2026-03-08T15:18:51.046229+00:00,12.490723,1772983131046229200,,,,,,,,0.532991,-0.493972,0.880234,0.833348,-0.002661,-0.552829,-0.004051,0.496151,-0.495271,0.941469,0.887388,-0.004421,-0.460852,-0.006887
2026-03-08T15:18:51.079805+00:00,12.524299,1772983131079804900,,,,,,,,0.532996,-0.493975,0.880230,0.833343,-0.002669,-0.552837,-0.004027,0.496142,-0.495275,0.941463,0.887395,-0.004451,-0.460840,-0.006914
2026-03-08T15:18:51.113337+00:00,12.557833,1772983131113337200,,,,,,,,0.532994,-0.493975,0.880231,0.833343,-0.002686,-0.552836,-0.004033,0.496131,-0.495277,0.941454,0.887395,-0.004451,-0.460839,-0.006913
2026-03-08T15:18:51.146882+00:00,12.591378,1772983131146881900,,,,,,,,0.532992,-0.493975,0.880231,0.833344,-0.002695,-0.552835,-0.004043,0.496116,-0.495277,0.941446,0.887398,-0.004459,-0.460834,-0.006925
2026-03-08T15:18:51.180730+00:00,12.625223,1772983131180730100,,,,,,,,0.532985,-0.493975,0.880232,0.833344,-0.002715,-0.552835,-0.004040,0.496107,-0.495276,0.941446,0.887388,-0.004470,-0.460853,-0.006904
2026-03-08T15:18:51.214282+00:00,12.658775,1772983131214282100,,,,,,,,0.532989,-0.493976,0.880231,0.833346,-0.002698,-0.552831,-0.004041,0.496082,-0.495279,0.941439,0.887399,-0.004476,-0.460831,-0.006921
2026-03-08T15:18:51.248045+00:00,12.692538,1772983131248045100,,,,,,,,0.532988,-0.493976,0.880231,0.833344,-0.002700,-0.552834,-0.004058,0.496077,-0.495280,0.941436,0.887399,-0.004468,-0.460830,-0.006916
2026-03-08T15:18:51.281523+00:00,12.726010,1772983131281522700,,,,,,,,0.532988,-0.493976,0.880232,0.833351,-0.002706,-0.552824,-0.004044,0.496080,-0.495283,0.941434,0.887397,-0.004485,-0.460836,-0.006891
2026-03-08T15:18:51.315103+00:00,12.759596,1772983131315103200,,,,,,,,0.532988,-0.493975,0.880234,0.833351,-0.002695,-0.552824,-0.004042,0.496092,-0.495283,0.941434,0.887391,-0.004478,-0.460847,-0.006873
2026-03-08T15:18:51.348963+00:00,12.793455,1772983131348962700,,,,,,,,0.532988,-0.493976,0.880230,0.833343,-0.002708,-0.552836,-0.004045,0.496105,-0.495284,0.941430,0.887395,-0.004465,-0.460839,-0.006883
2026-03-08T15:18:51.382433+00:00,12.826928,1772983131382433100,,,,,,,,0.532989,-0.493974,0.880232,0.833339,-0.002690,-0.552842,-0.004043,0.496230,-0.495284,0.941432,0.887391,-0.004476,-0.460846,-0.006878
2026-03-08T15:18:51.416085+00:00,12.860579,1772983131416084900,,,,,,,,0.532988,-0.493974,0.880231,0.833348,-0.002701,-0.552828,-0.004034,0.496287,-0.495283,0.941438,0.887395,-0.004466,-0.460840,-0.006873
2026-03-08T15:18:51.449692+00:00,12.894185,1772983131449691800,,,,,,,,0.532989,-0.493972,0.880232,0.833344,-0.002681,-0.552834,-0.004039,0.496311,-0.495281,0.941444,0.887395,-0.004460,-0.460839,-0.006874
2026-03-08T15:18:51.483094+00:00,12.927587,1772983131483094100,,,,,,,,0.532989,-0.493970,0.880232,0.833346,-0.002708,-0.552831,-0.004064,0.496325,-0.495282,0.941448,0.887398,-0.004433,-0.460834,-0.006876
2026-03-08T15:18:51.516665+00:00,12.961158,1772983131516664800,,,,,,,,0.532992,-0.493965,0.880230,0.833348,-0.002688,-0.552829,-0.004034,0.496326,-0.495282,0.941447,0.887399,-0.004469,-0.460832,-0.006876
2026-03-08T15:18:51.551926+00:00,12.996419,1772983131551926100,,,,,,,,0.532994,-0.493958,0.880233,0.833350,-0.002721,-0.552825,-0.004009,0.496333,-0.495283,0.941450,0.887392,-0.004453,-0.460844,-0.006900
2026-03-08T15:18:51.585692+00:00,13.030186,1772983131585691800,,,,,,,,0.533001,-0.493945,0.880230,0.833343,-0.002679,-0.552836,-0.004033,0.496342,-0.495280,0.941448,0.887395,-0.004450,-0.460840,-0.006872
2026-03-08T15:18:51.619249+00:00,13.063742,1772983131619249200,,,,,,,,0.533002,-0.493935,0.880229,0.833344,-0.002678,-0.552834,-0.004025,0.496343,-0.495282,0.941453,0.887395,-0.004462,-0.460840,-0.006857
2026-03-08T15:18:51.652905+00:00,13.097398,1772983131652905300,,,,,,,,0.533003,-0.493932,0.880229,0.833344,-0.002675,-0.552835,-0.004017,0.496343,-0.495282,0.941456,0.887392,-0.004471,-0.460845,-0.006858
2026-03-08T15:18:51.686418+00:00,13.130912,1772983131686417900,,,,,,,,0.533003,-0.493930,0.880222,0.833340,-0.002661,-0.552841,-0.004051,0.496341,-0.495282,0.941458,0.887395,-0.004481,-0.460839,-0.006854
2026-03-08T15:18:51.720201+00:00,13.164696,1772983131720200900,,,,,,,,0.533006,-0.493927,0.880213,0.833347,-0.002657,-0.552831,-0.004058,0.496340,-0.495282,0.941456,0.887397,-0.004476,-0.460836,-0.006850
2026-03-08T15:18:51.753769+00:00,13.198265,1772983131753769200,,,,,,,,0.533013,-0.493925,0.880209,0.833339,-0.002662,-0.552843,-0.004040,0.496340,-0.495283,0.941457,0.887393,-0.004489,-0.460844,-0.006868
2026-03-08T15:18:51.787418+00:00,13.231914,1772983131787418400,,,,,,,,0.533019,-0.493922,0.880207,0.833342,-0.002674,-0.552838,-0.004059,0.496342,-0.495282,0.941457,0.887395,-0.004467,-0.460840,-0.006850
2026-03-08T15:18:51.821172+00:00,13.265663,1772983131821171500,,,,,,,,0.533021,-0.493921,0.880203,0.833346,-0.002689,-0.552832,-0.004059,0.496345,-0.495283,0.941456,0.887394,-0.004472,-0.460842,-0.006852
2026-03-08T15:18:51.854758+00:00,13.299251,1772983131854757900,,,,,,,,0.533023,-0.493920,0.880200,0.833345,-0.002690,-0.552832,-0.004067,0.496345,-0.495289,0.941441,0.887395,-0.004470,-0.460839,-0.006858
2026-03-08T15:18:51.888275+00:00,13.332769,1772983131888275100,,,,,,,,0.533025,-0.493921,0.880199,0.833344,-0.002689,-0.552835,-0.004066,0.496345,-0.495291,0.941436,0.887395,-0.004478,-0.460840,-0.006850
2026-03-08T15:18:51.921804+00:00,13.366297,1772983131921804000,,,,,,,,0.533028,-0.493920,0.880200,0.833344,-0.002689,-0.552835,-0.004045,0.496344,-0.495298,0.941422,0.887395,-0.004472,-0.460839,-0.006858
2026-03-08T15:18:51.955490+00:00,13.399986,1772983131955490300,,,,,,,,0.533037,-0.493923,0.880200,0.833348,-0.002708,-0.552828,-0.004058,0.496345,-0.495311,0.941405,0.887392,-0.004465,-0.460845,-0.006850
2026-03-08T15:18:51.989010+00:00,13.433504,1772983131989009700,,,,,,,,0.533040,-0.493920,0.880198,0.833345,-0.002681,-0.552833,-0.004059,0.496346,-0.495321,0.941400,0.887395,-0.004475,-0.460839,-0.006850
2026-03-08T15:18:52.022521+00:00,13.467016,1772983132022521700,,,,,,,,0.533044,-0.493921,0.880196,0.833352,-0.002645,-0.552823,-0.004070,0.496347,-0.495327,0.941395,0.887400,-0.004486,-0.460829,-0.006831
2026-03-08T15:18:52.056086+00:00,13.500579,1772983132056085600,,,,,,,,0.533046,-0.493924,0.880194,0.833327,-0.002665,-0.552860,-0.004093,0.496349,-0.495333,0.941392,0.887389,-0.004498,-0.460851,-0.006838
2026-03-08T15:18:52.089609+00:00,13.534102,1772983132089609300,,,,,,,,0.533046,-0.493925,0.880195,0.833343,-0.002685,-0.552836,-0.004059,0.496350,-0.495334,0.941394,0.887396,-0.004489,-0.460838,-0.006843
2026-03-08T15:18:52.123108+00:00,13.567600,1772983132123107500,,,,,,,,0.533048,-0.493927,0.880195,0.833340,-0.002674,-0.552840,-0.004061,0.496352,-0.495335,0.941393,0.887393,-0.004498,-0.460843,-0.006851
2026-03-08T15:18:52.156673+00:00,13.601167,1772983132156672900,,,,,,,,0.533048,-0.493929,0.880195,0.833345,-0.002670,-0.552833,-0.004068,0.496355,-0.495335,0.941393,0.887399,-0.004492,-0.460833,-0.006839
2026-03-08T15:18:52.190240+00:00,13.634733,1772983132190240100,,,,,,,,0.533047,-0.493932,0.880196,0.833348,-0.002674,-0.552828,-0.004082,0.496355,-0.495334,0.941394,0.887396,-0.004472,-0.460839,-0.006841
2026-03-08T15:18:52.224020+00:00,13.668513,1772983132224020500,,,,,,,,0.533049,-0.493932,0.880199,0.833347,-0.002654,-0.552830,-0.004084,0.496353,-0.495333,0.941393,0.887384,-0.004473,-0.460860,-0.006842
2026-03-08T15:18:52.257792+00:00,13.702284,1772983132257791500,,,,,,,,0.533045,-0.493934,0.880198,0.833360,-0.002677,-0.552810,-0.004059,0.496354,-0.495327,0.941395,0.887392,-0.004472,-0.460845,-0.006835
2026-03-08T15:18:52.291326+00:00,13.735819,1772983132291326000,,,,,,,,0.533046,-0.493937,0.880198,0.833340,-0.002664,-0.552841,-0.004052,0.496352,-0.495323,0.941398,0.887391,-0.004472,-0.460848,-0.006824
2026-03-08T15:18:52.324894+00:00,13.769387,1772983132324893800,,,,,,,,0.533044,-0.493942,0.880197,0.833343,-0.002656,-0.552837,-0.004053,0.496326,-0.495320,0.941403,0.887399,-0.004453,-0.460832,-0.006844
2026-03-08T15:18:52.358367+00:00,13.802862,1772983132358367600,,,,,,,,0.533047,-0.493946,0.880195,0.833345,-0.002661,-0.552834,-0.004035,0.496242,-0.495316,0.941416,0.887393,-0.004471,-0.460843,-0.006848
2026-03-08T15:18:52.391897+00:00,13.836389,1772983132391896900,,,,,,,,0.533044,-0.493951,0.880196,0.833344,-0.002672,-0.552835,-0.004037,0.496202,-0.495311,0.941433,0.887395,-0.004474,-0.460840,-0.006846
2026-03-08T15:18:52.425640+00:00,13.870135,1772983132425640200,,,,,,,,0.533041,-0.493956,0.880198,0.833343,-0.002664,-0.552836,-0.004030,0.496182,-0.495302,0.941451,0.887396,-0.004476,-0.460838,-0.006850
2026-03-08T15:18:52.459201+00:00,13.903694,1772983132459201200,,,,,,,,0.533041,-0.493958,0.880201,0.833343,-0.002654,-0.552837,-0.004027,0.496174,-0.495284,0.941466,0.887396,-0.004480,-0.460838,-0.006866
2026-03-08T15:18:52.492723+00:00,13.937216,1772983132492723000,,,,,,,,0.533042,-0.493960,0.880204,0.833341,-0.002660,-0.552839,-0.004039,0.496170,-0.495270,0.941472,0.887397,-0.004477,-0.460835,-0.006862
2026-03-08T15:18:52.526326+00:00,13.970822,1772983132526326600,,,,,,,,0.533044,-0.493963,0.880206,0.833346,-0.002692,-0.552831,-0.004029,0.496165,-0.495265,0.941474,0.887401,-0.004472,-0.460829,-0.006860
2026-03-08T15:18:52.559859+00:00,14.004353,1772983132559859100,,,,,,,,0.533057,-0.493967,0.880211,0.833345,-0.002679,-0.552834,-0.004012,0.496164,-0.495266,0.941474,0.887394,-0.004468,-0.460843,-0.006844
2026-03-08T15:18:52.593426+00:00,14.037919,1772983132593425300,,,,,,,,0.533068,-0.493975,0.880216,0.833350,-0.002711,-0.552826,-0.004030,0.496165,-0.495265,0.941473,0.887388,-0.004448,-0.460853,-0.006861
2026-03-08T15:18:52.626917+00:00,14.071411,1772983132626917500,,,,,,,,0.533098,-0.493977,0.880218,0.833344,-0.002702,-0.552835,-0.004031,0.496169,-0.495265,0.941473,0.887393,-0.004445,-0.460843,-0.006847
2026-03-08T15:18:52.660466+00:00,14.104959,1772983132660466000,,,,,,,,0.533125,-0.493979,0.880226,0.833344,-0.002683,-0.552835,-0.004011,0.496174,-0.495266,0.941474,0.887398,-0.004435,-0.460834,-0.006833
2026-03-08T15:18:52.694023+00:00,14.138516,1772983132694022900,,,,,,,,0.533132,-0.493982,0.880227,0.833346,-0.002661,-0.552832,-0.004003,0.496170,-0.495277,0.941471,0.887404,-0.004433,-0.460824,-0.006831
2026-03-08T15:18:52.727509+00:00,14.172004,1772983132727509000,,,,,,,,0.533133,-0.493982,0.880227,0.833340,-0.002652,-0.552841,-0.004002,0.496156,-0.495290,0.941471,0.887399,-0.004451,-0.460833,-0.006834
2026-03-08T15:18:52.761136+00:00,14.205629,1772983132761136200,,,,,,,,0.533134,-0.493985,0.880227,0.833334,-0.002657,-0.552851,-0.004014,0.496098,-0.495298,0.941471,0.887398,-0.004463,-0.460835,-0.006846
2026-03-08T15:18:52.794633+00:00,14.239128,1772983132794633400,,,,,,,,0.533130,-0.493984,0.880227,0.833346,-0.002670,-0.552832,-0.004011,0.496038,-0.495303,0.941467,0.887393,-0.004443,-0.460844,-0.006861
2026-03-08T15:18:52.828178+00:00,14.272674,1772983132828178200,,,,,,,,0.533130,-0.493982,0.880229,0.833347,-0.002664,-0.552831,-0.003957,0.495984,-0.495318,0.941459,0.887400,-0.004485,-0.460830,-0.006854
2026-03-08T15:18:52.861794+00:00,14.306291,1772983132861794500,,,,,,,,0.533128,-0.493983,0.880229,0.833343,-0.002652,-0.552837,-0.003998,0.495932,-0.495333,0.941445,0.887400,-0.004458,-0.460830,-0.006856
2026-03-08T15:18:52.895267+00:00,14.339761,1772983132895266700,,,,,,,,0.533123,-0.493982,0.880227,0.833343,-0.002658,-0.552836,-0.003998,0.495914,-0.495350,0.941432,0.887394,-0.004462,-0.460841,-0.006881
2026-03-08T15:18:52.928759+00:00,14.373253,1772983132928758800,,,,,,,,0.533110,-0.493982,0.880227,0.833344,-0.002653,-0.552836,-0.004006,0.495900,-0.495364,0.941409,0.887395,-0.004470,-0.460840,-0.006880
2026-03-08T15:18:52.962757+00:00,14.407250,1772983132962756800,,,,,,,,0.533092,-0.493982,0.880228,0.833344,-0.002652,-0.552834,-0.003999,0.495897,-0.495372,0.941387,0.887393,-0.004472,-0.460843,-0.006877
2026-03-08T15:18:52.996405+00:00,14.440899,1772983132996404700,,,,,,,,0.533068,-0.493983,0.880228,0.833342,-0.002656,-0.552838,-0.003993,0.495902,-0.495376,0.941369,0.887392,-0.004466,-0.460846,-0.006877
2026-03-08T15:18:53.029920+00:00,14.474413,1772983133029920100,,,,,,,,0.533056,-0.493982,0.880228,0.833342,-0.002661,-0.552837,-0.003985,0.495946,-0.495376,0.941360,0.887393,-0.004473,-0.460844,-0.006857
2026-03-08T15:18:53.063460+00:00,14.507950,1772983133063460100,,,,,,,,0.533053,-0.493982,0.880228,0.833344,-0.002659,-0.552835,-0.004002,0.496015,-0.495374,0.941356,0.887395,-0.004474,-0.460839,-0.006864
2026-03-08T15:18:53.096987+00:00,14.541480,1772983133096987100,,,,,,,,0.533052,-0.493982,0.880227,0.833343,-0.002660,-0.552837,-0.003998,0.496068,-0.495373,0.941354,0.887395,-0.004474,-0.460840,-0.006849
2026-03-08T15:18:53.130600+00:00,14.575093,1772983133130600400,,,,,,,,0.533057,-0.493987,0.880227,0.833330,-0.002672,-0.552856,-0.003973,0.496127,-0.495369,0.941355,0.887401,-0.004484,-0.460827,-0.006833
2026-03-08T15:18:53.164452+00:00,14.608946,1772983133164451700,,,,,,,,0.533053,-0.493985,0.880227,0.833342,-0.002658,-0.552837,-0.003987,0.496239,-0.495358,0.941354,0.887393,-0.004473,-0.460843,-0.006846
2026-03-08T15:18:53.198113+00:00,14.642608,1772983133198112800,,,,,,,,0.533053,-0.493985,0.880226,0.833342,-0.002642,-0.552837,-0.003970,0.496279,-0.495331,0.941362,0.887395,-0.004481,-0.460840,-0.006858
2026-03-08T15:18:53.231772+00:00,14.676268,1772983133231772100,,,,,,,,0.533056,-0.493985,0.880226,0.833345,-0.002647,-0.552834,-0.003986,0.496302,-0.495308,0.941367,0.887395,-0.004479,-0.460840,-0.006866
2026-03-08T15:18:53.265303+00:00,14.709796,1772983133265303100,,,,,,,,0.533068,-0.493986,0.880228,0.833348,-0.002666,-0.552830,-0.003965,0.496322,-0.495293,0.941373,0.887396,-0.004456,-0.460837,-0.006848
2026-03-08T15:18:53.298896+00:00,14.743390,1772983133298896400,,,,,,,,0.533078,-0.493987,0.880228,0.833337,-0.002644,-0.552846,-0.003982,0.496330,-0.495283,0.941380,0.887405,-0.004463,-0.460819,-0.006865
2026-03-08T15:18:53.332379+00:00,14.776873,1772983133332379200,,,,,,,,0.533082,-0.493993,0.880227,0.833350,-0.002669,-0.552826,-0.003991,0.496331,-0.495268,0.941391,0.887398,-0.004484,-0.460835,-0.006848
2026-03-08T15:18:53.366071+00:00,14.810564,1772983133366070800,,,,,,,,0.533084,-0.493995,0.880228,0.833341,-0.002663,-0.552839,-0.003991,0.496329,-0.495251,0.941402,0.887387,-0.004488,-0.460855,-0.006850
2026-03-08T15:18:53.399606+00:00,14.844098,1772983133399606500,,,,,,,,0.533085,-0.493995,0.880225,0.833344,-0.002663,-0.552834,-0.003982,0.496326,-0.495242,0.941425,0.887395,-0.004485,-0.460840,-0.006861
2026-03-08T15:18:53.433189+00:00,14.877684,1772983133433188900,,,,,,,,0.533086,-0.493997,0.880226,0.833344,-0.002667,-0.552836,-0.003986,0.496327,-0.495241,0.941431,0.887395,-0.004480,-0.460840,-0.006857
2026-03-08T15:18:53.466718+00:00,14.911212,1772983133466717800,,,,,,,,0.533088,-0.493997,0.880226,0.833341,-0.002659,-0.552840,-0.003994,0.496327,-0.495238,0.941439,0.887395,-0.004479,-0.460840,-0.006862
2026-03-08T15:18:53.500304+00:00,14.944799,1772983133500304100,,,,,,,,0.533089,-0.493998,0.880225,0.833347,-0.002661,-0.552830,-0.003988,0.496326,-0.495230,0.941451,0.887393,-0.004487,-0.460844,-0.006858
2026-03-08T15:18:53.533803+00:00,14.978300,1772983133533803500,,,,,,,,0.533090,-0.493999,0.880226,0.833344,-0.002665,-0.552835,-0.003990,0.496316,-0.495220,0.941456,0.887397,-0.004501,-0.460836,-0.006861
2026-03-08T15:18:53.567345+00:00,15.011841,1772983133567344700,,,,,,,,0.533089,-0.493999,0.880224,0.833338,-0.002663,-0.552844,-0.004013,0.496310,-0.495216,0.941455,0.887395,-0.004490,-0.460840,-0.006865
2026-03-08T15:18:53.601074+00:00,15.045568,1772983133601073500,,,,,,,,0.533087,-0.493998,0.880222,0.833349,-0.002659,-0.552828,-0.004023,0.496310,-0.495217,0.941453,0.887388,-0.004493,-0.460852,-0.006878
2026-03-08T15:18:53.634973+00:00,15.079466,1772983133634973100,,,,,,,,0.533088,-0.494000,0.880224,0.833345,-0.002688,-0.552834,-0.004001,0.496303,-0.495221,0.941460,0.887391,-0.004505,-0.460846,-0.006875
2026-03-08T15:18:53.668551+00:00,15.113043,1772983133668551500,,,,,,,,0.533087,-0.493999,0.880224,0.833344,-0.002686,-0.552835,-0.004004,0.496301,-0.495219,0.941457,0.887395,-0.004498,-0.460840,-0.006869
2026-03-08T15:18:53.702107+00:00,15.146599,1772983133702106800,,,,,,,,0.533086,-0.493997,0.880223,0.833342,-0.002686,-0.552838,-0.004010,0.496303,-0.495219,0.941446,0.887396,-0.004497,-0.460838,-0.006862
2026-03-08T15:18:53.735711+00:00,15.180204,1772983133735710800,,,,,,,,0.533075,-0.493995,0.880223,0.833340,-0.002699,-0.552841,-0.004018,0.496304,-0.495220,0.941427,0.887394,-0.004499,-0.460841,-0.006852
2026-03-08T15:18:53.769154+00:00,15.213649,1772983133769153900,,,,,,,,0.533048,-0.493995,0.880223,0.833342,-0.002694,-0.552837,-0.004025,0.496312,-0.495219,0.941408,0.887395,-0.004493,-0.460840,-0.006847
2026-03-08T15:18:53.802655+00:00,15.247149,1772983133802654700,,,,,,,,0.533043,-0.493991,0.880221,0.833341,-0.002696,-0.552840,-0.004033,0.496330,-0.495220,0.941393,0.887397,-0.004502,-0.460837,-0.006837
2026-03-08T15:18:53.836210+00:00,15.280701,1772983133836210200,,,,,,,,0.533037,-0.493989,0.880218,0.833339,-0.002669,-0.552842,-0.004030,0.496343,-0.495222,0.941386,0.887395,-0.004488,-0.460839,-0.006831
2026-03-08T15:18:53.869999+00:00,15.314492,1772983133869998800,,,,,,,,0.533033,-0.493989,0.880214,0.833356,-0.002683,-0.552817,-0.004061,0.496345,-0.495223,0.941382,0.887402,-0.004520,-0.460826,-0.006824
2026-03-08T15:18:53.903408+00:00,15.347902,1772983133903407900,,,,,,,,0.533032,-0.493989,0.880218,0.833344,-0.002693,-0.552835,-0.004038,0.496342,-0.495225,0.941387,0.887395,-0.004477,-0.460839,-0.006818
2026-03-08T15:18:53.937192+00:00,15.381685,1772983133937191700,,,,,,,,0.533038,-0.493985,0.880217,0.833343,-0.002692,-0.552836,-0.004033,0.496335,-0.495239,0.941378,0.887395,-0.004475,-0.460841,-0.006806
2026-03-08T15:18:53.970745+00:00,15.415240,1772983133970745000,,,,,,,,0.533043,-0.493982,0.880215,0.833341,-0.002698,-0.552840,-0.004033,0.496330,-0.495255,0.941354,0.887393,-0.004467,-0.460844,-0.006807
2026-03-08T15:18:54.004336+00:00,15.448829,1772983134004335700,,,,,,,,0.533051,-0.493981,0.880213,0.833343,-0.002705,-0.552837,-0.004016,0.496330,-0.495266,0.941330,0.887396,-0.004467,-0.460839,-0.006803
2026-03-08T15:18:54.037934+00:00,15.482427,1772983134037933800,,,,,,,,0.533056,-0.493981,0.880203,0.833346,-0.002702,-0.552831,-0.004033,0.496332,-0.495270,0.941317,0.887392,-0.004480,-0.460846,-0.006798
2026-03-08T15:18:54.071447+00:00,15.515940,1772983134071446900,,,,,,,,0.533054,-0.493981,0.880196,0.833351,-0.002689,-0.552824,-0.004052,0.496336,-0.495271,0.941312,0.887393,-0.004478,-0.460844,-0.006787
2026-03-08T15:18:54.104987+00:00,15.549480,1772983134104986500,,,,,,,,0.533053,-0.493982,0.880186,0.833345,-0.002715,-0.552833,-0.004043,0.496343,-0.495274,0.941312,0.887388,-0.004474,-0.460854,-0.006779
2026-03-08T15:18:54.138485+00:00,15.582978,1772983134138485000,,,,,,,,0.533049,-0.493982,0.880176,0.833344,-0.002722,-0.552834,-0.004020,0.496350,-0.495281,0.941312,0.887395,-0.004471,-0.460840,-0.006786
2026-03-08T15:18:54.171967+00:00,15.616460,1772983134171967200,,,,,,,,0.533049,-0.493982,0.880171,0.833344,-0.002714,-0.552834,-0.004026,0.496359,-0.495290,0.941311,0.887394,-0.004456,-0.460843,-0.006792
2026-03-08T15:18:54.205485+00:00,15.649980,1772983134205484700,,,,,,,,0.533054,-0.493982,0.880168,0.833342,-0.002704,-0.552838,-0.004026,0.496365,-0.495297,0.941308,0.887395,-0.004450,-0.460840,-0.006806
2026-03-08T15:18:54.239086+00:00,15.683581,1772983134239086200,,,,,,,,0.533055,-0.493982,0.880158,0.833349,-0.002699,-0.552828,-0.004021,0.496365,-0.495301,0.941306,0.887393,-0.004449,-0.460843,-0.006829
2026-03-08T15:18:54.272633+00:00,15.717127,1772983134272633300,,,,,,,,0.533057,-0.493982,0.880153,0.833337,-0.002686,-0.552845,-0.004029,0.496367,-0.495302,0.941305,0.887385,-0.004446,-0.460859,-0.006808
2026-03-08T15:18:54.306187+00:00,15.750681,1772983134306187100,,,,,,,,0.533056,-0.493982,0.880146,0.833351,-0.002677,-0.552825,-0.004050,0.496365,-0.495303,0.941301,0.887395,-0.004433,-0.460840,-0.006802
2026-03-08T15:18:54.339699+00:00,15.784192,1772983134339698700,,,,,,,,0.533056,-0.493986,0.880145,0.833342,-0.002698,-0.552838,-0.004042,0.496365,-0.495304,0.941301,0.887391,-0.004452,-0.460849,-0.006769
2026-03-08T15:18:54.373520+00:00,15.818014,1772983134373520300,,,,,,,,0.533058,-0.493985,0.880144,0.833340,-0.002695,-0.552841,-0.004030,0.496362,-0.495306,0.941302,0.887392,-0.004478,-0.460846,-0.006813
2026-03-08T15:18:54.407025+00:00,15.851518,1772983134407025100,,,,,,,,0.533052,-0.493985,0.880146,0.833345,-0.002706,-0.552833,-0.004050,0.496353,-0.495304,0.941304,0.887395,-0.004459,-0.460840,-0.006816
2026-03-08T15:18:54.440564+00:00,15.885057,1772983134440564100,,,,,,,,0.533048,-0.493985,0.880146,0.833343,-0.002700,-0.552835,-0.004050,0.496344,-0.495303,0.941304,0.887395,-0.004474,-0.460840,-0.006823
2026-03-08T15:18:54.474098+00:00,15.918590,1772983134474098200,,,,,,,,0.533038,-0.493985,0.880146,0.833343,-0.002698,-0.552836,-0.004057,0.496341,-0.495302,0.941304,0.887395,-0.004468,-0.460840,-0.006830
2026-03-08T15:18:54.507732+00:00,15.952226,1772983134507731900,,,,,,,,0.533023,-0.493985,0.880146,0.833345,-0.002709,-0.552834,-0.004054,0.496334,-0.495300,0.941303,0.887398,-0.004466,-0.460833,-0.006831
2026-03-08T15:18:54.541267+00:00,15.985760,1772983134541266600,,,,,,,,0.533016,-0.493986,0.880145,0.833345,-0.002685,-0.552833,-0.004047,0.496330,-0.495291,0.941303,0.887392,-0.004483,-0.460845,-0.006853
2026-03-08T15:18:54.574800+00:00,16.019294,1772983134574799600,,,,,,,,0.533017,-0.493986,0.880143,0.833335,-0.002689,-0.552848,-0.004062,0.496330,-0.495274,0.941305,0.887400,-0.004497,-0.460830,-0.006825
2026-03-08T15:18:54.608781+00:00,16.053268,1772983134608781300,,,,,,,,0.533016,-0.493987,0.880139,0.833358,-0.002691,-0.552813,-0.004036,0.496334,-0.495259,0.941306,0.887397,-0.004488,-0.460836,-0.006833
2026-03-08T15:18:54.642631+00:00,16.087125,1772983134642631000,,,,,,,,0.533013,-0.493987,0.880143,0.833343,-0.002700,-0.552836,-0.004063,0.496339,-0.495242,0.941308,0.887398,-0.004492,-0.460834,-0.006830
2026-03-08T15:18:54.676215+00:00,16.120711,1772983134676215100,,,,,,,,0.533016,-0.493987,0.880143,0.833346,-0.002706,-0.552831,-0.004056,0.496347,-0.495228,0.941312,0.887394,-0.004495,-0.460842,-0.006823
2026-03-08T15:18:54.709684+00:00,16.154179,1772983134709684500,,,,,,,,0.533020,-0.493985,0.880146,0.833346,-0.002719,-0.552831,-0.004060,0.496368,-0.495219,0.941316,0.887394,-0.004519,-0.460843,-0.006817
2026-03-08T15:18:54.743212+00:00,16.187706,1772983134743211500,,,,,,,,0.533039,-0.493980,0.880149,0.833344,-0.002709,-0.552834,-0.004059,0.496402,-0.495216,0.941318,0.887388,-0.004529,-0.460853,-0.006811
2026-03-08T15:18:54.776757+00:00,16.221249,1772983134776756900,,,,,,,,0.533059,-0.493972,0.880155,0.833349,-0.002723,-0.552827,-0.004047,0.496440,-0.495212,0.941321,0.887389,-0.004508,-0.460851,-0.006804
2026-03-08T15:18:54.810151+00:00,16.254645,1772983134810151400,,,,,,,,0.533073,-0.493966,0.880157,0.833342,-0.002704,-0.552838,-0.004021,0.496463,-0.495211,0.941326,0.887395,-0.004532,-0.460840,-0.006813
2026-03-08T15:18:54.843842+00:00,16.288332,1772983134843841700,,,,,,,,0.533084,-0.493960,0.880161,0.833345,-0.002733,-0.552833,-0.004021,0.496468,-0.495209,0.941331,0.887405,-0.004563,-0.460820,-0.006803
2026-03-08T15:18:54.877363+00:00,16.321856,1772983134877362600,,,,,,,,0.533095,-0.493953,0.880170,0.833344,-0.002695,-0.552835,-0.004011,0.496468,-0.495203,0.941333,0.887401,-0.004524,-0.460828,-0.006785
2026-03-08T15:18:54.910798+00:00,16.355292,1772983134910797500,,,,,,,,0.533109,-0.493950,0.880180,0.833342,-0.002704,-0.552838,-0.004005,0.496470,-0.495206,0.941338,0.887396,-0.004511,-0.460839,-0.006782
2026-03-08T15:18:54.944424+00:00,16.388915,1772983134944423600,,,,,,,,0.533113,-0.493943,0.880184,0.833343,-0.002701,-0.552836,-0.004022,0.496467,-0.495206,0.941338,0.887395,-0.004512,-0.460840,-0.006774
2026-03-08T15:18:54.977885+00:00,16.422379,1772983134977884900,,,,,,,,0.533114,-0.493932,0.880186,0.833343,-0.002699,-0.552837,-0.004014,0.496440,-0.495206,0.941338,0.887395,-0.004511,-0.460840,-0.006804
2026-03-08T15:18:55.011522+00:00,16.456014,1772983135011522400,,,,,,,,0.533112,-0.493925,0.880186,0.833345,-0.002697,-0.552834,-0.004023,0.496405,-0.495205,0.941338,0.887395,-0.004497,-0.460839,-0.006797
2026-03-08T15:18:55.044940+00:00,16.489433,1772983135044940300,,,,,,,,0.533113,-0.493922,0.880187,0.833343,-0.002692,-0.552837,-0.004020,0.496384,-0.495205,0.941337,0.887396,-0.004498,-0.460839,-0.006805
2026-03-08T15:18:55.078752+00:00,16.523246,1772983135078752100,,,,,,,,0.533118,-0.493919,0.880188,0.833346,-0.002697,-0.552832,-0.004016,0.496378,-0.495205,0.941335,0.887397,-0.004490,-0.460836,-0.006801
2026-03-08T15:18:55.112380+00:00,16.556872,1772983135112379900,,,,,,,,0.533119,-0.493919,0.880189,0.833340,-0.002691,-0.552840,-0.003998,0.496372,-0.495207,0.941330,0.887390,-0.004514,-0.460850,-0.006847
2026-03-08T15:18:55.145909+00:00,16.590403,1772983135145909100,,,,,,,,0.533112,-0.493921,0.880195,0.833343,-0.002685,-0.552836,-0.003988,0.496379,-0.495214,0.941338,0.887396,-0.004488,-0.460839,-0.006786
2026-03-08T15:18:55.179496+00:00,16.623990,1772983135179496300,,,,,,,,0.533114,-0.493920,0.880203,0.833341,-0.002693,-0.552839,-0.003991,0.496379,-0.495221,0.941337,0.887393,-0.004481,-0.460844,-0.006791
2026-03-08T15:18:55.213050+00:00,16.657543,1772983135213049900,,,,,,,,0.533114,-0.493920,0.880205,0.833348,-0.002689,-0.552829,-0.003990,0.496375,-0.495224,0.941333,0.887399,-0.004491,-0.460832,-0.006792
2026-03-08T15:18:55.246645+00:00,16.691139,1772983135246645600,,,,,,,,0.533113,-0.493921,0.880206,0.833349,-0.002701,-0.552827,-0.003993,0.496363,-0.495229,0.941325,0.887390,-0.004479,-0.460849,-0.006792
2026-03-08T15:18:55.280290+00:00,16.724783,1772983135280290000,,,,,,,,0.533114,-0.493921,0.880207,0.833337,-0.002693,-0.552846,-0.003992,0.496307,-0.495237,0.941312,0.887400,-0.004497,-0.460830,-0.006813
2026-03-08T15:18:55.314179+00:00,16.758673,1772983135314178700,,,,,,,,0.533109,-0.493922,0.880206,0.833344,-0.002673,-0.552834,-0.003984,0.496249,-0.495244,0.941297,0.887387,-0.004483,-0.460856,-0.006845
2026-03-08T15:18:55.347715+00:00,16.792210,1772983135347715400,,,,,,,,0.533101,-0.493926,0.880208,0.833344,-0.002695,-0.552835,-0.004007,0.496210,-0.495253,0.941293,0.887387,-0.004483,-0.460855,-0.006834
2026-03-08T15:18:55.381359+00:00,16.825853,1772983135381359000,,,,,,,,0.533075,-0.493929,0.880206,0.833346,-0.002688,-0.552832,-0.004018,0.496180,-0.495254,0.941297,0.887394,-0.004484,-0.460841,-0.006829
2026-03-08T15:18:55.415034+00:00,16.859529,1772983135415034400,,,,,,,,0.533052,-0.493933,0.880206,0.833345,-0.002694,-0.552833,-0.004040,0.496174,-0.495255,0.941296,0.887394,-0.004480,-0.460842,-0.006824
2026-03-08T15:18:55.448583+00:00,16.893074,1772983135448582800,,,,,,,,0.533027,-0.493935,0.880204,0.833343,-0.002691,-0.552836,-0.004033,0.496172,-0.495258,0.941296,0.887395,-0.004482,-0.460840,-0.006822
2026-03-08T15:18:55.482133+00:00,16.926625,1772983135482132800,,,,,,,,0.533018,-0.493938,0.880204,0.833346,-0.002694,-0.552832,-0.004023,0.496173,-0.495262,0.941296,0.887395,-0.004476,-0.460841,-0.006818
2026-03-08T15:18:55.519722+00:00,16.964150,1772983135519721400,,,,,,,,0.533008,-0.493940,0.880204,0.833352,-0.002701,-0.552823,-0.004025,0.496182,-0.495272,0.941294,0.887394,-0.004493,-0.460841,-0.006806
2026-03-08T15:18:55.553355+00:00,16.997849,1772983135553355200,,,,,,,,0.532999,-0.493941,0.880204,0.833345,-0.002684,-0.552833,-0.003987,0.496191,-0.495277,0.941296,0.887401,-0.004496,-0.460828,-0.006811
2026-03-08T15:18:55.586867+00:00,17.031363,1772983135586867300,,,,,,,,0.532992,-0.493941,0.880203,0.833343,-0.002690,-0.552836,-0.004007,0.496278,-0.495279,0.941297,0.887394,-0.004492,-0.460843,-0.006812
2026-03-08T15:18:55.620447+00:00,17.064941,1772983135620446600,,,,,,,,0.532985,-0.493942,0.880203,0.833346,-0.002686,-0.552832,-0.003998,0.496319,-0.495286,0.941296,0.887395,-0.004487,-0.460840,-0.006818
2026-03-08T15:18:55.653856+00:00,17.098350,1772983135653855900,,,,,,,,0.532984,-0.493942,0.880203,0.833342,-0.002682,-0.552838,-0.004000,0.496333,-0.495291,0.941296,0.887394,-0.004494,-0.460842,-0.006823
2026-03-08T15:18:55.687462+00:00,17.131957,1772983135687462500,,,,,,,,0.532982,-0.493943,0.880205,0.833346,-0.002685,-0.552832,-0.003984,0.496338,-0.495292,0.941296,0.887397,-0.004473,-0.460836,-0.006848
2026-03-08T15:18:55.721058+00:00,17.165550,1772983135721057700,,,,,,,,0.532980,-0.493945,0.880205,0.833353,-0.002708,-0.552821,-0.003990,0.496346,-0.495294,0.941297,0.887399,-0.004483,-0.460833,-0.006832
2026-03-08T15:18:55.754637+00:00,17.199110,1772983135754637600,,,,,,,,0.532981,-0.493947,0.880207,0.833337,-0.002697,-0.552846,-0.003968,0.496350,-0.495295,0.941301,0.887396,-0.004489,-0.460838,-0.006848
2026-03-08T15:18:55.788131+00:00,17.232624,1772983135788131200,,,,,,,,0.532977,-0.493949,0.880207,0.833337,-0.002721,-0.552845,-0.003996,0.496352,-0.495294,0.941306,0.887382,-0.004476,-0.460864,-0.006846
2026-03-08T15:18:55.821714+00:00,17.266207,1772983135821713700,,,,,,,,0.532971,-0.493948,0.880206,0.833341,-0.002685,-0.552839,-0.004013,0.496353,-0.495291,0.941318,0.887399,-0.004472,-0.460832,-0.006845
2026-03-08T15:18:55.855253+00:00,17.299747,1772983135855252900,,,,,,,,0.532965,-0.493947,0.880206,0.833343,-0.002722,-0.552836,-0.003995,0.496368,-0.495281,0.941336,0.887395,-0.004496,-0.460840,-0.006830
2026-03-08T15:18:55.889051+00:00,17.333543,1772983135889050700,,,,,,,,0.532958,-0.493947,0.880207,0.833344,-0.002713,-0.552836,-0.003999,0.496382,-0.495273,0.941351,0.887394,-0.004501,-0.460841,-0.006837
2026-03-08T15:18:55.922566+00:00,17.367060,1772983135922566100,,,,,,,,0.532949,-0.493947,0.880209,0.833343,-0.002709,-0.552836,-0.004003,0.496390,-0.495269,0.941364,0.887395,-0.004489,-0.460839,-0.006828
2026-03-08T15:18:55.956160+00:00,17.400654,1772983135956159400,,,,,,,,0.532945,-0.493947,0.880209,0.833331,-0.002701,-0.552855,-0.003979,0.496394,-0.495268,0.941372,0.887395,-0.004492,-0.460841,-0.006838
2026-03-08T15:18:55.989732+00:00,17.434224,1772983135989732400,,,,,,,,0.532938,-0.493946,0.880209,0.833343,-0.002701,-0.552837,-0.004013,0.496394,-0.495268,0.941372,0.887395,-0.004483,-0.460839,-0.006836
2026-03-08T15:18:56.023285+00:00,17.467778,1772983136023284800,,,,,,,,0.532938,-0.493945,0.880207,0.833341,-0.002702,-0.552840,-0.004004,0.496393,-0.495268,0.941373,0.887392,-0.004488,-0.460846,-0.006851
2026-03-08T15:18:56.056758+00:00,17.501251,1772983136056758300,,,,,,,,0.532937,-0.493944,0.880204,0.833339,-0.002691,-0.552842,-0.004005,0.496393,-0.495270,0.941374,0.887395,-0.004494,-0.460840,-0.006853
2026-03-08T15:18:56.090296+00:00,17.534789,1772983136090296300,,,,,,,,0.532935,-0.493947,0.880208,0.833345,-0.002703,-0.552834,-0.004003,0.496390,-0.495269,0.941372,0.887401,-0.004493,-0.460827,-0.006861
2026-03-08T15:18:56.123891+00:00,17.568384,1772983136123891400,,,,,,,,0.532935,-0.493947,0.880207,0.833342,-0.002700,-0.552837,-0.004008,0.496384,-0.495271,0.941375,0.887393,-0.004496,-0.460843,-0.006859
2026-03-08T15:18:56.159844+00:00,17.604336,1772983136159843700,,,,,,,,0.532934,-0.493946,0.880205,0.833342,-0.002714,-0.552838,-0.004005,0.496363,-0.495273,0.941376,0.887390,-0.004496,-0.460848,-0.006866
2026-03-08T15:18:56.193464+00:00,17.637957,1772983136193464300,,,,,,,,0.532933,-0.493948,0.880203,0.833344,-0.002725,-0.552834,-0.004007,0.496339,-0.495277,0.941376,0.887395,-0.004500,-0.460839,-0.006866
2026-03-08T15:18:56.226981+00:00,17.671475,1772983136226981400,,,,,,,,0.532932,-0.493946,0.880202,0.833342,-0.002701,-0.552838,-0.004022,0.496324,-0.495284,0.941377,0.887399,-0.004502,-0.460833,-0.006848
2026-03-08T15:18:56.260663+00:00,17.705158,1772983136260663400,,,,,,,,0.532935,-0.493945,0.880203,0.833328,-0.002669,-0.552859,-0.004006,0.496317,-0.495290,0.941375,0.887394,-0.004493,-0.460842,-0.006859
2026-03-08T15:18:56.294149+00:00,17.738642,1772983136294148700,,,,,,,,0.532934,-0.493947,0.880204,0.833344,-0.002703,-0.552834,-0.004003,0.496318,-0.495289,0.941375,0.887396,-0.004489,-0.460838,-0.006849
2026-03-08T15:18:56.327678+00:00,17.772171,1772983136327677800,,,,,,,,0.532934,-0.493947,0.880205,0.833345,-0.002710,-0.552834,-0.003993,0.496322,-0.495289,0.941378,0.887395,-0.004487,-0.460840,-0.006852
2026-03-08T15:18:56.361236+00:00,17.805730,1772983136361235600,,,,,,,,0.532934,-0.493948,0.880206,0.833343,-0.002713,-0.552836,-0.003991,0.496328,-0.495289,0.941381,0.887395,-0.004483,-0.460839,-0.006845
2026-03-08T15:18:56.394810+00:00,17.839303,1772983136394809800,,,,,,,,0.532935,-0.493948,0.880205,0.833341,-0.002706,-0.552839,-0.003995,0.496334,-0.495289,0.941383,0.887395,-0.004491,-0.460840,-0.006843
2026-03-08T15:18:56.428319+00:00,17.872812,1772983136428318900,,,,,,,,0.532934,-0.493950,0.880206,0.833345,-0.002702,-0.552834,-0.003995,0.496339,-0.495291,0.941383,0.887390,-0.004497,-0.460849,-0.006846
2026-03-08T15:18:56.461863+00:00,17.906355,1772983136461863100,,,,,,,,0.532934,-0.493954,0.880205,0.833344,-0.002698,-0.552835,-0.004005,0.496341,-0.495297,0.941383,0.887393,-0.004496,-0.460843,-0.006842
2026-03-08T15:18:56.495396+00:00,17.939889,1772983136495395500,,,,,,,,0.532933,-0.493958,0.880204,0.833346,-0.002694,-0.552832,-0.004015,0.496346,-0.495302,0.941383,0.887392,-0.004492,-0.460845,-0.006849
2026-03-08T15:18:56.528971+00:00,17.973465,1772983136528970700,,,,,,,,0.532934,-0.493961,0.880203,0.833346,-0.002704,-0.552832,-0.003997,0.496351,-0.495307,0.941385,0.887394,-0.004514,-0.460841,-0.006819
2026-03-08T15:18:56.562480+00:00,18.006971,1772983136562479500,,,,,,,,0.532935,-0.493961,0.880202,0.833343,-0.002685,-0.552836,-0.003996,0.496352,-0.495310,0.941382,0.887392,-0.004488,-0.460845,-0.006847
2026-03-08T15:18:56.596250+00:00,18.040743,1772983136596249600,,,,,,,,0.532939,-0.493963,0.880201,0.833342,-0.002690,-0.552838,-0.003975,0.496352,-0.495319,0.941382,0.887394,-0.004473,-0.460842,-0.006846
2026-03-08T15:18:56.629748+00:00,18.074244,1772983136629747900,,,,,,,,0.532955,-0.493961,0.880200,0.833343,-0.002689,-0.552837,-0.003979,0.496354,-0.495332,0.941383,0.887395,-0.004476,-0.460840,-0.006855
2026-03-08T15:18:56.663283+00:00,18.107779,1772983136663282900,,,,,,,,0.532979,-0.493961,0.880200,0.833348,-0.002704,-0.552829,-0.003959,0.496353,-0.495338,0.941381,0.887399,-0.004476,-0.460832,-0.006850
2026-03-08T15:18:56.696825+00:00,18.141320,1772983136696824900,,,,,,,,0.532994,-0.493960,0.880200,0.833341,-0.002688,-0.552839,-0.003967,0.496346,-0.495347,0.941381,0.887399,-0.004486,-0.460832,-0.006865
